sweep_parameter,sweep_wert,variante,wiederholung,generation,beste_fitness,mittlere_fitness,stdabw_fitness,anzahl_spezies,ziel_erreicht
pop_size,250,V1,0,0,-10.79101,-14.47703,1.4853,8,0
pop_size,250,V1,0,1,-10.79101,-13.3134,1.67099,8,0
pop_size,250,V1,0,2,-10.79101,-12.97168,1.69054,8,0
pop_size,250,V1,0,3,-10.79101,-12.54508,1.44847,8,0
pop_size,250,V1,0,4,-10.59101,-12.79092,1.57728,9,0
pop_size,250,V1,0,5,-7.86182,-12.54964,1.54578,9,0
pop_size,250,V1,0,6,-5.59773,-12.65014,1.76425,9,0
pop_size,250,V1,0,7,-5.59773,-12.6437,2.02899,9,0
pop_size,250,V1,0,8,-5.59773,-12.14845,2.0484,9,0
pop_size,250,V1,0,9,-5.59773,-12.20023,2.07503,9,0
pop_size,250,V1,0,10,-5.59773,-12.13068,2.17755,9,0
pop_size,250,V1,0,11,-5.59773,-11.87315,2.13387,9,0
pop_size,250,V1,0,12,-5.59773,-11.8362,2.2592,9,0
pop_size,250,V1,0,13,-5.59773,-11.44824,2.57318,9,0
pop_size,250,V1,0,14,-5.59773,-11.83954,2.39097,9,0
pop_size,250,V1,0,15,-5.59773,-11.46114,2.48854,9,0
pop_size,250,V1,0,16,-5.59773,-11.73126,2.71395,9,0
pop_size,250,V1,0,17,-5.59773,-11.55849,2.6256,9,0
pop_size,250,V1,0,18,-5.59773,-11.56722,2.52665,9,0
pop_size,250,V1,0,19,-5.59773,-11.76469,2.41487,9,0
pop_size,250,V1,0,20,-5.59773,-11.55411,2.58403,9,0
pop_size,250,V1,0,21,-5.59773,-11.63004,2.77851,8,0
pop_size,250,V1,0,22,-5.59773,-11.47576,2.85016,7,0
pop_size,250,V1,0,23,-5.59773,-12.10195,2.30435,6,0
pop_size,250,V1,0,24,-5.59773,-12.23519,2.20115,5,0
pop_size,250,V1,0,25,-5.59773,-11.73381,2.18209,5,0
pop_size,250,V1,0,26,-4.9571,-12.03986,2.10967,4,0
pop_size,250,V1,0,27,-4.9571,-12.01111,1.98153,4,0
pop_size,250,V1,0,28,-4.9571,-12.02979,1.8353,4,0
pop_size,250,V1,0,29,-4.9571,-12.21188,1.92648,4,0
pop_size,250,V1,0,30,-4.9571,-12.20628,2.01995,4,0
pop_size,250,V1,0,31,-4.89773,-11.90632,2.16332,4,0
pop_size,250,V1,0,32,-2.86827,-12.0936,2.17869,4,0
pop_size,250,V1,0,33,-2.86827,-11.97032,2.26567,4,0
pop_size,250,V1,0,34,-2.86827,-11.63347,2.41453,4,0
pop_size,250,V1,0,35,-2.86827,-11.90937,2.2621,4,0
pop_size,250,V1,0,36,-2.86827,-11.87333,2.38539,4,0
pop_size,250,V1,0,37,-2.86827,-11.81149,2.28987,4,0
pop_size,250,V1,0,38,-2.86827,-11.80943,2.28445,4,0
pop_size,250,V1,0,39,-2.86827,-11.98491,2.38537,5,0
pop_size,250,V1,0,40,-2.86827,-11.32404,2.54433,5,0
pop_size,250,V1,0,41,-2.86827,-11.73683,2.62001,5,0
pop_size,250,V1,0,42,-2.86827,-11.79792,2.46711,5,0
pop_size,250,V1,0,43,-2.86827,-11.43872,2.64816,5,0
pop_size,250,V1,0,44,-2.86827,-11.51224,2.81892,5,0
pop_size,250,V1,0,45,-2.66827,-11.80776,2.64582,5,0
pop_size,250,V1,0,46,-2.66827,-11.47279,2.80017,5,0
pop_size,250,V1,0,47,-2.66827,-11.5558,2.66114,6,0
pop_size,250,V1,0,48,-2.66827,-11.87434,2.45002,5,0
pop_size,250,V1,0,49,-2.66827,-11.63205,2.53085,5,0
pop_size,250,V1,0,50,-2.66827,-11.82768,2.51286,5,0
pop_size,250,V1,0,51,-2.66827,-11.65454,2.4568,5,0
pop_size,250,V1,0,52,17.14113,-11.35838,3.15567,5,0
pop_size,250,V1,0,53,17.14113,-11.57761,3.09218,5,0
pop_size,250,V1,0,54,17.14113,-11.85557,3.08172,6,0
pop_size,250,V1,0,55,17.14113,-11.62151,3.36242,6,0
pop_size,250,V1,0,56,17.14113,-11.33164,3.17735,7,0
pop_size,250,V1,0,57,17.14113,-10.98184,3.30058,7,0
pop_size,250,V1,0,58,17.14113,-11.32491,3.29448,7,0
pop_size,250,V1,0,59,17.14113,-11.51677,3.65738,7,0
pop_size,250,V1,0,60,17.14113,-11.64384,3.57079,7,0
pop_size,250,V1,0,61,17.14113,-11.00916,4.24374,7,0
pop_size,250,V1,0,62,17.14113,-11.1524,3.90887,7,0
pop_size,250,V1,0,63,17.14113,-11.05452,3.82038,5,0
pop_size,250,V1,0,64,17.14113,-11.02499,3.95065,5,0
pop_size,250,V1,0,65,17.14113,-11.12479,3.89019,5,0
pop_size,250,V1,0,66,17.14113,-10.99722,3.86923,5,0
pop_size,250,V1,0,67,17.14113,-10.89553,3.86252,6,0
pop_size,250,V1,0,68,-2.46827,-11.53306,2.54514,5,0
pop_size,250,V1,0,69,-2.46827,-11.47948,2.71053,5,0
pop_size,250,V1,0,70,-2.46827,-11.41755,2.82989,5,0
pop_size,250,V1,0,71,-2.46827,-11.0363,2.99909,5,0
pop_size,250,V1,0,72,-2.46827,-11.60499,2.68369,6,0
pop_size,250,V1,0,73,-2.46827,-11.05099,2.88096,6,0
pop_size,250,V1,0,74,-2.46827,-10.92615,3.10976,6,0
pop_size,250,V1,0,75,-2.46827,-10.849,3.06137,5,0
pop_size,250,V1,0,76,-5.35887,-10.41939,3.25105,4,0
pop_size,250,V1,0,77,-5.35887,-10.3934,3.27804,4,0
pop_size,250,V1,0,78,-5.35887,-10.62687,3.32721,4,0
pop_size,250,V1,0,79,-5.35887,-10.43784,3.29101,5,0
pop_size,250,V1,0,80,-5.35887,-10.26216,3.41721,7,0
pop_size,250,V1,0,81,-5.35887,-10.5884,3.28822,7,0
pop_size,250,V1,0,82,-5.35887,-10.30242,3.4252,7,0
pop_size,250,V1,0,83,-5.35887,-10.15125,3.30984,7,0
pop_size,250,V1,0,84,-5.35887,-10.3129,3.55515,6,0
pop_size,250,V1,0,85,-5.35887,-10.03551,3.62345,6,0
pop_size,250,V1,0,86,-5.35887,-10.07953,3.5057,6,0
pop_size,250,V1,0,87,-5.35887,-10.56004,3.49086,7,0
pop_size,250,V1,0,88,-5.59773,-10.34295,3.37318,4,0
pop_size,250,V1,0,89,-5.59773,-10.28991,3.30442,4,0
pop_size,250,V1,0,90,-5.59773,-10.64424,3.21635,4,0
pop_size,250,V1,0,91,-5.59773,-10.76467,3.22421,4,0
pop_size,250,V1,0,92,-5.59773,-9.93391,3.29273,4,0
pop_size,250,V1,0,93,-5.35887,-10.30622,3.41679,4,0
pop_size,250,V1,0,94,-5.35887,-10.33832,3.50795,4,0
pop_size,250,V1,0,95,-5.35887,-10.38866,3.43694,5,0
pop_size,250,V1,0,96,-5.35887,-10.08066,3.46137,4,0
pop_size,250,V1,0,97,-5.35887,-10.09044,3.38119,4,0
pop_size,250,V1,0,98,-5.35887,-9.84314,3.49749,4,0
pop_size,250,V1,0,99,-5.35887,-10.28961,3.34683,6,0
pop_size,250,V1,1,0,-11.57269,-14.73153,1.14599,8,0
pop_size,250,V1,1,1,-9.95887,-13.70529,1.27097,8,0
pop_size,250,V1,1,2,-6.73138,-13.39044,1.38451,8,0
pop_size,250,V1,1,3,-6.73138,-13.2299,1.56693,9,0
pop_size,250,V1,1,4,-2.50411,-12.95791,1.95683,9,0
pop_size,250,V1,1,5,-2.50411,-12.69179,2.26941,9,0
pop_size,250,V1,1,6,-2.50411,-12.27837,2.83115,9,0
pop_size,250,V1,1,7,-2.50411,-12.09733,3.20952,9,0
pop_size,250,V1,1,8,5.21661,-11.6598,3.73498,9,0
pop_size,250,V1,1,9,7.60546,-11.16892,4.56976,9,0
pop_size,250,V1,1,10,7.60546,-10.8497,4.60416,10,0
pop_size,250,V1,1,11,7.60546,-11.17481,4.83343,10,0
pop_size,250,V1,1,12,7.60546,-11.04683,4.6595,10,0
pop_size,250,V1,1,13,7.60546,-10.74282,4.83051,10,0
pop_size,250,V1,1,14,7.60546,-10.39638,5.41496,10,0
pop_size,250,V1,1,15,7.60546,-9.89644,5.84262,10,0
pop_size,250,V1,1,16,7.60546,-9.5623,5.70295,10,0
pop_size,250,V1,1,17,7.60546,-9.54895,5.6217,10,0
pop_size,250,V1,1,18,7.60546,-8.8769,6.26206,10,0
pop_size,250,V1,1,19,7.60546,-8.65236,6.38134,9,0
pop_size,250,V1,1,20,7.60546,-8.97634,6.37495,9,0
pop_size,250,V1,1,21,11.74309,-8.51489,6.56984,9,0
pop_size,250,V1,1,22,11.74309,-8.40168,6.77618,9,0
pop_size,250,V1,1,23,20.94113,-8.02304,6.75209,9,0
pop_size,250,V1,1,24,20.94113,-8.51524,6.99498,9,0
pop_size,250,V1,1,25,20.94113,-8.93924,6.91428,7,0
pop_size,250,V1,1,26,20.94113,-8.79826,6.59724,7,0
pop_size,250,V1,1,27,20.94113,-8.97659,6.80656,7,0
pop_size,250,V1,1,28,20.94113,-7.92709,7.73339,7,0
pop_size,250,V1,1,29,20.94113,-7.26055,7.57174,7,0
pop_size,250,V1,1,30,20.94113,-7.87375,7.09382,7,0
pop_size,250,V1,1,31,20.94113,-7.54649,7.50266,7,0
pop_size,250,V1,1,32,20.94113,-7.32307,7.45343,6,0
pop_size,250,V1,1,33,20.94113,-6.50125,7.60722,4,0
pop_size,250,V1,1,34,20.94113,-7.06441,7.69072,4,0
pop_size,250,V1,1,35,20.94113,-6.1908,8.10045,4,0
pop_size,250,V1,1,36,20.94113,-6.84787,7.77243,4,0
pop_size,250,V1,1,37,20.94113,-6.82884,7.62645,4,0
pop_size,250,V1,1,38,20.94113,-7.71848,7.32726,4,0
pop_size,250,V1,1,39,20.94113,-7.33938,7.07014,3,0
pop_size,250,V1,1,40,11.74309,-7.24301,6.49435,2,0
pop_size,250,V1,1,41,11.74309,-6.33315,6.75427,2,0
pop_size,250,V1,1,42,11.74309,-6.41285,7.77162,2,0
pop_size,250,V1,1,43,11.74309,-7.12769,7.30236,2,0
pop_size,250,V1,1,44,11.74309,-6.06799,7.85895,2,0
pop_size,250,V1,1,45,20.94113,-6.64079,7.79495,2,0
pop_size,250,V1,1,46,20.94113,-5.85445,7.81279,2,0
pop_size,250,V1,1,47,20.94113,-6.02211,8.62077,2,0
pop_size,250,V1,1,48,20.94113,-5.33661,8.46482,2,0
pop_size,250,V1,1,49,20.94113,-5.51628,8.38646,2,0
pop_size,250,V1,1,50,20.94113,-5.60618,8.54872,3,0
pop_size,250,V1,1,51,20.94113,-4.64232,8.38208,3,0
pop_size,250,V1,1,52,20.94113,-5.22778,8.44766,3,0
pop_size,250,V1,1,53,20.94113,-2.43409,8.88356,2,0
pop_size,250,V1,1,54,20.94113,-5.12309,8.59135,2,0
pop_size,250,V1,1,55,20.94113,-3.70107,9.55925,2,0
pop_size,250,V1,1,56,20.94113,-2.45722,9.84704,2,0
pop_size,250,V1,1,57,20.94113,-2.48728,9.61629,2,0
pop_size,250,V1,1,58,20.94113,-1.60679,9.36264,2,0
pop_size,250,V1,1,59,20.94113,-2.74816,10.29413,2,0
pop_size,250,V1,1,60,20.94113,-3.35263,9.18974,2,0
pop_size,250,V1,1,61,20.94113,-2.89336,9.274,2,0
pop_size,250,V1,1,62,20.94113,-2.33029,9.85981,2,0
pop_size,250,V1,1,63,20.94113,-2.91006,9.90568,2,0
pop_size,250,V1,1,64,20.94113,-1.25238,9.74473,2,0
pop_size,250,V1,1,65,20.94113,-2.26466,9.85221,3,0
pop_size,250,V1,1,66,20.94113,-0.64439,10.47484,2,0
pop_size,250,V1,1,67,20.94113,-1.0994,10.44257,2,0
pop_size,250,V1,1,68,20.94113,-1.45379,10.7143,3,0
pop_size,250,V1,1,69,20.94113,-0.63525,10.00896,3,0
pop_size,250,V1,1,70,20.94113,-1.31444,10.17377,3,0
pop_size,250,V1,1,71,20.94113,-1.11585,9.9783,3,0
pop_size,250,V1,1,72,20.94113,-1.5665,10.35259,3,0
pop_size,250,V1,1,73,20.94113,-2.63009,10.65593,4,0
pop_size,250,V1,1,74,20.94113,-0.92758,10.80022,4,0
pop_size,250,V1,1,75,20.94113,-0.74161,11.52417,4,0
pop_size,250,V1,1,76,20.94113,-2.72817,10.79619,4,0
pop_size,250,V1,1,77,20.94113,-1.24446,11.57689,5,0
pop_size,250,V1,1,78,20.94113,-0.96691,11.22964,4,0
pop_size,250,V1,1,79,20.94113,-0.37648,11.62635,5,0
pop_size,250,V1,1,80,20.94113,-2.30508,11.15041,5,0
pop_size,250,V1,1,81,20.94113,-2.78597,10.05247,4,0
pop_size,250,V1,1,82,20.94113,-2.97687,10.40351,4,0
pop_size,250,V1,1,83,20.94113,-1.97809,10.37947,4,0
pop_size,250,V1,1,84,20.94113,-2.07761,10.7337,4,0
pop_size,250,V1,1,85,20.94113,-3.38805,10.22836,3,0
pop_size,250,V1,1,86,20.94113,-2.81531,10.42142,3,0
pop_size,250,V1,1,87,20.94113,-2.83844,10.87235,3,0
pop_size,250,V1,1,88,20.94113,-2.30965,11.13745,3,0
pop_size,250,V1,1,89,20.94113,-1.57448,11.14269,3,0
pop_size,250,V1,1,90,20.94113,-1.95293,10.98135,3,0
pop_size,250,V1,1,91,20.94113,-2.83898,10.82683,3,0
pop_size,250,V1,1,92,20.94113,-3.48054,10.03862,3,0
pop_size,250,V1,1,93,20.94113,-4.75746,10.11026,3,0
pop_size,250,V1,1,94,20.94113,-5.95534,8.80586,2,0
pop_size,250,V1,1,95,20.94113,-4.40885,9.10256,2,0
pop_size,250,V1,1,96,20.94113,-3.87349,9.61159,2,0
pop_size,250,V1,1,97,20.94113,-4.13676,9.55585,2,0
pop_size,250,V1,1,98,20.94113,-1.90818,9.95437,2,0
pop_size,250,V1,1,99,20.94113,-2.84097,9.78383,2,0
pop_size,250,V1,2,0,-6.80768,-14.6231,1.18651,9,0
pop_size,250,V1,2,1,-6.80768,-13.92371,1.11812,9,0
pop_size,250,V1,2,2,-6.80768,-13.87055,1.14298,9,0
pop_size,250,V1,2,3,-6.80768,-13.76191,1.21495,9,0
pop_size,250,V1,2,4,-6.80768,-13.56361,1.2659,9,0
pop_size,250,V1,2,5,3.53647,-13.40298,1.84138,9,0
pop_size,250,V1,2,6,3.53647,-13.26591,2.47701,9,0
pop_size,250,V1,2,7,3.53647,-12.95861,2.63302,10,0
pop_size,250,V1,2,8,4.38818,-12.27972,4.19423,11,0
pop_size,250,V1,2,9,4.38818,-12.34382,4.06969,11,0
pop_size,250,V1,2,10,4.38818,-11.7723,4.79462,11,0
pop_size,250,V1,2,11,13.08574,-11.71923,4.8745,11,0
pop_size,250,V1,2,12,13.08574,-10.81648,5.93873,11,0
pop_size,250,V1,2,13,13.08574,-10.35699,6.14785,11,0
pop_size,250,V1,2,14,13.08574,-10.07256,6.53699,11,0
pop_size,250,V1,2,15,17.64113,-10.34235,6.33749,11,0
pop_size,250,V1,2,16,17.64113,-10.20105,6.60309,11,0
pop_size,250,V1,2,17,17.64113,-9.29849,7.08419,11,0
pop_size,250,V1,2,18,17.64113,-8.84837,7.92932,11,0
pop_size,250,V1,2,19,17.64113,-9.65081,7.38561,11,0
pop_size,250,V1,2,20,17.64113,-9.3731,7.76088,11,0
pop_size,250,V1,2,21,17.64113,-8.8999,8.35064,11,0
pop_size,250,V1,2,22,17.84113,-8.94163,8.45535,10,0
pop_size,250,V1,2,23,17.84113,-8.47325,8.59673,10,0
pop_size,250,V1,2,24,17.84113,-7.90796,8.77344,10,0
pop_size,250,V1,2,25,17.84113,-8.70905,8.73147,10,0
pop_size,250,V1,2,26,17.84113,-8.51516,8.82,10,0
pop_size,250,V1,2,27,17.84113,-7.69244,9.16046,10,0
pop_size,250,V1,2,28,17.84113,-7.05319,9.57041,10,0
pop_size,250,V1,2,29,17.84113,-7.12914,9.62406,10,0
pop_size,250,V1,2,30,17.84113,-7.43621,9.40532,10,0
pop_size,250,V1,2,31,17.84113,-7.69249,9.38448,9,0
pop_size,250,V1,2,32,17.84113,-7.47073,9.47268,9,0
pop_size,250,V1,2,33,17.84113,-7.76075,9.3363,8,0
pop_size,250,V1,2,34,17.84113,-8.57101,8.65273,7,0
pop_size,250,V1,2,35,17.84113,-7.81811,9.16021,7,0
pop_size,250,V1,2,36,17.84113,-8.48171,8.69447,7,0
pop_size,250,V1,2,37,17.84113,-8.18434,8.81738,6,0
pop_size,250,V1,2,38,17.64113,-8.52435,8.42352,4,0
pop_size,250,V1,2,39,17.64113,-7.43864,8.58712,4,0
pop_size,250,V1,2,40,17.64113,-8.37627,8.19707,3,0
pop_size,250,V1,2,41,17.64113,-8.90662,8.10902,3,0
pop_size,250,V1,2,42,17.64113,-8.35486,8.52127,3,0
pop_size,250,V1,2,43,17.64113,-9.06613,8.2637,3,0
pop_size,250,V1,2,44,43.94113,-8.88151,8.73557,3,1
pop_size,250,V1,3,0,-6.53568,-14.52226,2.29621,8,0
pop_size,250,V1,3,1,2.50204,-12.02039,3.54892,8,0
pop_size,250,V1,3,2,10.9708,-11.08114,4.10673,8,0
pop_size,250,V1,3,3,14.17887,-9.96876,5.45806,8,0
pop_size,250,V1,3,4,14.17887,-9.82176,5.88961,8,0
pop_size,250,V1,3,5,19.9127,-8.74378,6.36008,8,0
pop_size,250,V1,3,6,19.9127,-8.23008,7.79264,8,0
pop_size,250,V1,3,7,19.9127,-7.83841,8.09202,8,0
pop_size,250,V1,3,8,19.9127,-7.31564,8.23,8,0
pop_size,250,V1,3,9,43.94113,-7.17676,9.15049,8,1
pop_size,250,V1,4,0,-12.49987,-14.69579,1.08948,7,0
pop_size,250,V1,4,1,-2.73044,-13.61198,1.63932,7,0
pop_size,250,V1,4,2,-2.4537,-13.17344,1.86924,7,0
pop_size,250,V1,4,3,0.09267,-12.94488,2.51517,7,0
pop_size,250,V1,4,4,0.09267,-12.77719,2.50223,7,0
pop_size,250,V1,4,5,4.64113,-12.53028,2.79838,7,0
pop_size,250,V1,4,6,6.17506,-12.05144,3.63381,7,0
pop_size,250,V1,4,7,6.17506,-12.34355,3.90152,7,0
pop_size,250,V1,4,8,9.94113,-11.54263,4.90494,8,0
pop_size,250,V1,4,9,9.94113,-11.75926,4.68932,8,0
pop_size,250,V1,4,10,9.94113,-10.81146,5.44843,8,0
pop_size,250,V1,4,11,9.94113,-10.53053,6.25268,8,0
pop_size,250,V1,4,12,9.94113,-9.84591,6.6614,8,0
pop_size,250,V1,4,13,9.94113,-10.11073,6.40369,8,0
pop_size,250,V1,4,14,9.94113,-9.59979,7.1111,8,0
pop_size,250,V1,4,15,9.94113,-10.14313,6.903,8,0
pop_size,250,V1,4,16,9.94113,-9.80996,6.78925,8,0
pop_size,250,V1,4,17,9.94113,-9.3716,6.81651,8,0
pop_size,250,V1,4,18,9.94113,-9.91422,6.6541,9,0
pop_size,250,V1,4,19,10.04113,-9.11464,7.2195,9,0
pop_size,250,V1,4,20,10.04113,-9.41227,6.94942,9,0
pop_size,250,V1,4,21,10.04113,-8.95329,7.23701,9,0
pop_size,250,V1,4,22,10.04113,-8.39674,7.23286,9,0
pop_size,250,V1,4,23,10.04113,-8.74656,7.07552,9,0
pop_size,250,V1,4,24,16.54113,-8.8262,7.27687,10,0
pop_size,250,V1,4,25,16.54113,-8.17348,7.81263,10,0
pop_size,250,V1,4,26,16.54113,-7.5398,8.26925,10,0
pop_size,250,V1,4,27,16.54113,-6.62327,8.61439,10,0
pop_size,250,V1,4,28,16.54113,-6.70476,8.35408,10,0
pop_size,250,V1,4,29,16.54113,-6.56726,8.98129,10,0
pop_size,250,V1,4,30,16.54113,-7.04722,8.53767,8,0
pop_size,250,V1,4,31,16.54113,-7.19602,8.27749,8,0
pop_size,250,V1,4,32,18.74113,-7.02605,8.77692,8,0
pop_size,250,V1,4,33,18.74113,-6.88816,8.9047,8,0
pop_size,250,V1,4,34,18.74113,-6.31729,8.91059,8,0
pop_size,250,V1,4,35,18.74113,-8.61122,7.72789,6,0
pop_size,250,V1,4,36,18.74113,-8.31149,7.83079,5,0
pop_size,250,V1,4,37,18.74113,-8.02459,7.68451,5,0
pop_size,250,V1,4,38,18.74113,-7.56518,8.358,5,0
pop_size,250,V1,4,39,18.74113,-8.57129,7.60436,5,0
pop_size,250,V1,4,40,18.74113,-9.49933,7.07789,3,0
pop_size,250,V1,4,41,20.94113,-9.53916,7.16748,4,0
pop_size,250,V1,4,42,20.94113,-9.01913,7.47284,5,0
pop_size,250,V1,4,43,20.94113,-9.03086,7.36944,6,0
pop_size,250,V1,4,44,20.94113,-8.59403,7.72856,7,0
pop_size,250,V1,4,45,20.94113,-8.44935,8.46017,7,0
pop_size,250,V1,4,46,20.94113,-8.9534,8.24219,8,0
pop_size,250,V1,4,47,20.94113,-7.47206,8.82677,7,0
pop_size,250,V1,4,48,20.94113,-8.05354,8.83755,7,0
pop_size,250,V1,4,49,20.94113,-7.15215,9.33202,7,0
pop_size,250,V1,4,50,20.94113,-7.37746,9.01405,8,0
pop_size,250,V1,4,51,20.94113,-7.22277,9.42078,8,0
pop_size,250,V1,4,52,20.94113,-7.52768,9.16249,8,0
pop_size,250,V1,4,53,20.94113,-6.68477,9.76134,8,0
pop_size,250,V1,4,54,20.94113,-6.70718,10.26984,8,0
pop_size,250,V1,4,55,20.94113,-6.10298,10.49415,8,0
pop_size,250,V1,4,56,20.94113,-5.5395,10.698,8,0
pop_size,250,V1,4,57,20.94113,-6.06898,10.36792,7,0
pop_size,250,V1,4,58,43.94113,-5.63121,10.99234,9,1
pop_size,250,V1,5,0,7.74113,-14.95468,1.89937,8,0
pop_size,250,V1,5,1,7.74113,-13.70542,3.02336,8,0
pop_size,250,V1,5,2,7.74113,-12.69577,3.69807,8,0
pop_size,250,V1,5,3,7.74113,-12.28656,4.22161,8,0
pop_size,250,V1,5,4,7.74113,-11.80612,5.04683,8,0
pop_size,250,V1,5,5,7.74113,-10.84074,5.73415,8,0
pop_size,250,V1,5,6,7.74113,-10.32603,6.24575,8,0
pop_size,250,V1,5,7,7.74113,-10.34716,6.24128,8,0
pop_size,250,V1,5,8,15.44113,-9.57332,6.98306,8,0
pop_size,250,V1,5,9,15.44113,-9.50454,7.46411,8,0
pop_size,250,V1,5,10,15.44113,-9.26952,7.55213,8,0
pop_size,250,V1,5,11,15.44113,-6.94049,8.3394,8,0
pop_size,250,V1,5,12,15.44113,-8.90988,7.92214,8,0
pop_size,250,V1,5,13,15.44113,-7.93623,8.40926,8,0
pop_size,250,V1,5,14,43.94113,-7.14672,9.22639,8,1
pop_size,250,V1,6,0,1.67316,-13.80795,2.90447,11,0
pop_size,250,V1,6,1,10.13937,-11.34573,3.93867,11,0
pop_size,250,V1,6,2,10.13937,-10.20615,4.06145,11,0
pop_size,250,V1,6,3,10.13937,-10.08861,4.41223,11,0
pop_size,250,V1,6,4,15.53292,-9.01826,4.898,11,0
pop_size,250,V1,6,5,15.53292,-8.77002,5.13155,11,0
pop_size,250,V1,6,6,15.53292,-8.60283,5.38809,12,0
pop_size,250,V1,6,7,17.64113,-8.54865,5.85657,12,0
pop_size,250,V1,6,8,17.64113,-8.17338,5.74599,13,0
pop_size,250,V1,6,9,19.03557,-7.98422,6.70915,13,0
pop_size,250,V1,6,10,19.03557,-7.82794,6.45023,14,0
pop_size,250,V1,6,11,19.03557,-6.19028,7.39182,14,0
pop_size,250,V1,6,12,19.33557,-6.92603,7.31279,14,0
pop_size,250,V1,6,13,19.33557,-7.29867,7.02097,14,0
pop_size,250,V1,6,14,19.33557,-6.65944,7.41078,14,0
pop_size,250,V1,6,15,19.33557,-6.59631,7.8054,14,0
pop_size,250,V1,6,16,19.33557,-5.98142,8.13482,12,0
pop_size,250,V1,6,17,19.33557,-5.91531,8.44862,12,0
pop_size,250,V1,6,18,19.33557,-5.12104,8.75458,12,0
pop_size,250,V1,6,19,43.94113,-5.8309,9.17443,12,1
pop_size,250,V1,7,0,-9.28422,-15.05813,1.1237,8,0
pop_size,250,V1,7,1,-2.4537,-13.87534,1.67633,8,0
pop_size,250,V1,7,2,1.33615,-13.26726,2.05518,9,0
pop_size,250,V1,7,3,1.33615,-13.11983,2.47055,9,0
pop_size,250,V1,7,4,1.33615,-13.00583,2.69537,9,0
pop_size,250,V1,7,5,1.33615,-13.1143,2.6409,9,0
pop_size,250,V1,7,6,1.33615,-12.645,3.16525,9,0
pop_size,250,V1,7,7,1.33615,-12.18113,3.76394,9,0
pop_size,250,V1,7,8,1.33615,-12.27496,3.76449,9,0
pop_size,250,V1,7,9,1.33615,-12.21007,3.84345,10,0
pop_size,250,V1,7,10,11.01098,-11.66274,4.6442,10,0
pop_size,250,V1,7,11,11.01098,-11.4217,4.61484,10,0
pop_size,250,V1,7,12,11.01098,-11.36299,4.73766,10,0
pop_size,250,V1,7,13,11.01098,-11.28598,4.73539,10,0
pop_size,250,V1,7,14,11.01098,-11.54799,4.60434,10,0
pop_size,250,V1,7,15,11.01098,-11.10719,5.27158,10,0
pop_size,250,V1,7,16,11.01098,-10.92969,5.25882,10,0
pop_size,250,V1,7,17,11.01098,-10.9097,5.30507,10,0
pop_size,250,V1,7,18,15.44113,-10.66459,5.47156,9,0
pop_size,250,V1,7,19,15.44113,-10.58066,5.61135,8,0
pop_size,250,V1,7,20,15.44113,-9.36091,6.29689,5,0
pop_size,250,V1,7,21,17.64113,-9.07522,6.61653,4,0
pop_size,250,V1,7,22,17.64113,-8.58743,6.30776,4,0
pop_size,250,V1,7,23,17.64113,-8.98561,6.02262,4,0
pop_size,250,V1,7,24,17.64113,-8.93745,6.4094,4,0
pop_size,250,V1,7,25,17.64113,-9.26675,6.27642,5,0
pop_size,250,V1,7,26,19.84113,-8.14793,6.66746,6,0
pop_size,250,V1,7,27,19.84113,-8.26012,6.45456,6,0
pop_size,250,V1,7,28,19.84113,-7.24605,6.24683,6,0
pop_size,250,V1,7,29,19.84113,-7.55776,6.22394,6,0
pop_size,250,V1,7,30,19.84113,-7.93089,6.28507,6,0
pop_size,250,V1,7,31,19.84113,-7.46188,6.36638,6,0
pop_size,250,V1,7,32,19.84113,-8.65717,6.34982,6,0
pop_size,250,V1,7,33,19.84113,-7.755,6.22919,6,0
pop_size,250,V1,7,34,19.84113,-7.22274,6.30574,6,0
pop_size,250,V1,7,35,19.84113,-8.20205,6.03045,5,0
pop_size,250,V1,7,36,19.84113,-8.77592,6.1108,5,0
pop_size,250,V1,7,37,19.84113,-8.35129,6.11732,5,0
pop_size,250,V1,7,38,19.84113,-7.28732,5.99323,5,0
pop_size,250,V1,7,39,19.84113,-7.12195,5.82244,6,0
pop_size,250,V1,7,40,19.84113,-7.21692,6.03285,6,0
pop_size,250,V1,7,41,19.84113,-7.76875,6.14628,6,0
pop_size,250,V1,7,42,3.54113,-9.11338,5.85179,4,0
pop_size,250,V1,7,43,3.54113,-8.86043,5.62504,5,0
pop_size,250,V1,7,44,3.54113,-7.81774,5.71346,5,0
pop_size,250,V1,7,45,3.54113,-7.89672,5.74503,5,0
pop_size,250,V1,7,46,3.54113,-8.03472,5.76451,5,0
pop_size,250,V1,7,47,3.54113,-8.71335,5.68213,6,0
pop_size,250,V1,7,48,3.54113,-7.99299,5.60807,6,0
pop_size,250,V1,7,49,3.54113,-7.56648,5.64187,6,0
pop_size,250,V1,7,50,-3.0806,-7.83062,5.74688,5,0
pop_size,250,V1,7,51,-3.0806,-7.22601,5.52232,5,0
pop_size,250,V1,7,52,-3.0806,-7.12085,5.57936,6,0
pop_size,250,V1,7,53,-3.0806,-7.04167,5.44569,7,0
pop_size,250,V1,7,54,-3.0806,-7.39806,5.52055,7,0
pop_size,250,V1,7,55,-3.0806,-7.34447,5.5975,7,0
pop_size,250,V1,7,56,-3.0806,-7.39581,5.56558,7,0
pop_size,250,V1,7,57,-3.0806,-6.74238,5.39964,7,0
pop_size,250,V1,7,58,-3.0806,-6.64023,5.21061,7,0
pop_size,250,V1,7,59,-3.0806,-7.32362,5.61105,5,0
pop_size,250,V1,7,60,-3.0806,-7.05631,5.45409,6,0
pop_size,250,V1,7,61,-3.0806,-7.17324,5.34199,6,0
pop_size,250,V1,7,62,-3.0806,-6.11385,5.10869,8,0
pop_size,250,V1,7,63,-3.0806,-6.49546,5.1961,7,0
pop_size,250,V1,7,64,-3.0806,-6.94994,5.42287,7,0
pop_size,250,V1,7,65,-3.0806,-7.22004,5.48986,7,0
pop_size,250,V1,7,66,-3.0806,-7.4858,5.50054,6,0
pop_size,250,V1,7,67,-3.0806,-7.07305,5.45431,7,0
pop_size,250,V1,7,68,-3.0806,-7.82336,5.57533,6,0
pop_size,250,V1,7,69,-3.0806,-7.7389,5.54564,6,0
pop_size,250,V1,7,70,-3.0806,-7.97237,5.50905,8,0
pop_size,250,V1,7,71,-3.0806,-7.7717,5.55561,8,0
pop_size,250,V1,7,72,-3.0806,-7.64052,5.61725,8,0
pop_size,250,V1,7,73,-3.0806,-7.50074,5.53689,8,0
pop_size,250,V1,7,74,-2.8806,-7.22237,5.42168,8,0
pop_size,250,V1,7,75,-2.8806,-8.12539,5.58883,8,0
pop_size,250,V1,7,76,-2.8806,-7.80011,5.64434,7,0
pop_size,250,V1,7,77,-2.8806,-7.39854,5.40551,7,0
pop_size,250,V1,7,78,-2.8806,-7.29448,5.44957,5,0
pop_size,250,V1,7,79,-2.8806,-7.46958,5.57714,7,0
pop_size,250,V1,7,80,-2.8806,-7.68681,5.53712,7,0
pop_size,250,V1,7,81,-2.8806,-7.28319,5.43598,9,0
pop_size,250,V1,7,82,-2.8806,-6.61477,5.19112,9,0
pop_size,250,V1,7,83,-2.8806,-7.53055,5.6614,8,0
pop_size,250,V1,7,84,-2.8806,-6.68263,5.33505,8,0
pop_size,250,V1,7,85,-2.8806,-7.02635,5.4005,8,0
pop_size,250,V1,7,86,-2.8806,-7.21668,5.55021,9,0
pop_size,250,V1,7,87,-2.6806,-6.69023,5.29595,9,0
pop_size,250,V1,7,88,-2.6806,-6.84666,5.41556,8,0
pop_size,250,V1,7,89,-2.6806,-7.24422,5.49932,9,0
pop_size,250,V1,7,90,-2.6806,-7.05883,5.50249,9,0
pop_size,250,V1,7,91,-2.6806,-7.52373,5.66398,10,0
pop_size,250,V1,7,92,-2.6806,-7.32274,5.61553,10,0
pop_size,250,V1,7,93,-2.6806,-7.17862,5.55759,10,0
pop_size,250,V1,7,94,-2.6806,-8.01186,5.66108,10,0
pop_size,250,V1,7,95,-2.6806,-7.94847,5.66023,9,0
pop_size,250,V1,7,96,-2.6806,-7.0751,5.63793,8,0
pop_size,250,V1,7,97,-2.6806,-7.77942,5.7099,7,0
pop_size,250,V1,7,98,1.33615,-8.06095,5.8232,7,0
pop_size,250,V1,7,99,1.33615,-8.01208,5.71591,6,0
pop_size,250,V1,8,0,-4.14206,-14.54455,2.22882,9,0
pop_size,250,V1,8,1,-4.14206,-12.62767,2.8711,9,0
pop_size,250,V1,8,2,-4.14206,-11.68938,2.81558,9,0
pop_size,250,V1,8,3,-4.14206,-11.56168,2.77824,9,0
pop_size,250,V1,8,4,3.04113,-11.51671,2.9826,11,0
pop_size,250,V1,8,5,3.04113,-11.56723,3.02344,11,0
pop_size,250,V1,8,6,3.04113,-11.90173,3.17,11,0
pop_size,250,V1,8,7,3.04113,-11.47007,3.15506,11,0
pop_size,250,V1,8,8,3.04113,-11.36205,3.2094,11,0
pop_size,250,V1,8,9,3.04113,-11.02754,3.26488,11,0
pop_size,250,V1,8,10,3.04113,-11.2359,3.42052,11,0
pop_size,250,V1,8,11,8.84113,-11.47851,3.90081,11,0
pop_size,250,V1,8,12,8.84113,-10.64983,3.90992,11,0
pop_size,250,V1,8,13,8.84113,-10.58167,4.51273,11,0
pop_size,250,V1,8,14,8.84113,-10.71884,5.15558,11,0
pop_size,250,V1,8,15,8.84113,-10.05475,5.69385,11,0
pop_size,250,V1,8,16,8.94113,-9.35584,6.58607,11,0
pop_size,250,V1,8,17,9.79953,-9.07843,6.93206,11,0
pop_size,250,V1,8,18,9.79953,-9.06138,6.77917,11,0
pop_size,250,V1,8,19,9.79953,-9.43625,6.88408,11,0
pop_size,250,V1,8,20,12.99685,-8.7234,7.40595,10,0
pop_size,250,V1,8,21,15.64113,-8.35639,7.84948,10,0
pop_size,250,V1,8,22,19.57885,-6.89554,8.6981,10,0
pop_size,250,V1,8,23,19.57885,-7.3304,8.86634,10,0
pop_size,250,V1,8,24,19.57885,-5.9257,9.78437,10,0
pop_size,250,V1,8,25,19.57885,-6.79712,9.49899,10,0
pop_size,250,V1,8,26,19.57885,-6.34885,9.53491,10,0
pop_size,250,V1,8,27,19.57885,-5.96012,9.73825,10,0
pop_size,250,V1,8,28,19.57885,-5.47653,10.05766,10,0
pop_size,250,V1,8,29,19.57885,-3.79962,10.29905,10,0
pop_size,250,V1,8,30,19.57885,-4.90495,10.06373,10,0
pop_size,250,V1,8,31,19.57885,-4.39416,10.50523,10,0
pop_size,250,V1,8,32,19.57885,-4.58211,9.99749,9,0
pop_size,250,V1,8,33,19.57885,-3.56703,10.32019,9,0
pop_size,250,V1,8,34,19.57885,-3.58732,10.51383,9,0
pop_size,250,V1,8,35,19.57885,-3.61164,10.43504,9,0
pop_size,250,V1,8,36,19.57885,-4.37284,10.65785,8,0
pop_size,250,V1,8,37,19.57885,-3.9139,10.24918,8,0
pop_size,250,V1,8,38,10.22742,-4.28761,10.71275,7,0
pop_size,250,V1,8,39,10.22742,-3.0082,10.71925,6,0
pop_size,250,V1,8,40,10.22742,-2.62312,10.71041,4,0
pop_size,250,V1,8,41,10.22742,-0.41756,10.58673,4,0
pop_size,250,V1,8,42,10.22742,-1.08691,10.93352,4,0
pop_size,250,V1,8,43,10.22742,-1.87851,11.00746,4,0
pop_size,250,V1,8,44,10.22742,-1.25019,10.68982,4,0
pop_size,250,V1,8,45,10.22742,-0.22781,10.60003,3,0
pop_size,250,V1,8,46,8.84113,-1.36525,10.51029,2,0
pop_size,250,V1,8,47,8.84113,-1.64675,10.41369,3,0
pop_size,250,V1,8,48,8.84113,-1.19569,10.81229,3,0
pop_size,250,V1,8,49,8.84113,-1.98116,10.97685,4,0
pop_size,250,V1,8,50,8.84113,-2.48561,11.15441,4,0
pop_size,250,V1,8,51,8.84113,-2.40043,11.23256,3,0
pop_size,250,V1,8,52,8.84113,-1.38062,11.64045,2,0
pop_size,250,V1,8,53,8.84113,1.0335,10.9591,2,0
pop_size,250,V1,8,54,8.84113,0.71833,10.89586,4,0
pop_size,250,V1,8,55,8.84113,0.23432,11.28268,5,0
pop_size,250,V1,8,56,8.84113,0.646,11.12263,5,0
pop_size,250,V1,8,57,8.84113,2.10209,10.48213,6,0
pop_size,250,V1,8,58,8.84113,-0.34182,11.20601,6,0
pop_size,250,V1,8,59,8.84113,1.09625,10.72312,6,0
pop_size,250,V1,8,60,8.84113,1.81134,10.23682,6,0
pop_size,250,V1,8,61,8.84113,1.48288,10.48742,6,0
pop_size,250,V1,8,62,8.84113,1.34517,10.8273,6,0
pop_size,250,V1,8,63,8.84113,0.68991,10.80472,7,0
pop_size,250,V1,8,64,8.84113,0.51794,10.93645,7,0
pop_size,250,V1,8,65,8.84113,1.78268,10.47256,7,0
pop_size,250,V1,8,66,8.84113,1.15717,10.87193,9,0
pop_size,250,V1,8,67,8.84113,2.5152,10.20416,10,0
pop_size,250,V1,8,68,8.84113,1.62229,10.63868,10,0
pop_size,250,V1,8,69,8.84113,2.8539,10.0326,12,0
pop_size,250,V1,8,70,8.84113,3.02226,9.82983,11,0
pop_size,250,V1,8,71,8.84113,2.5397,10.11283,10,0
pop_size,250,V1,8,72,8.84113,2.13467,10.31951,10,0
pop_size,250,V1,8,73,8.84113,1.35269,10.77583,11,0
pop_size,250,V1,8,74,8.84113,0.05539,11.06233,10,0
pop_size,250,V1,8,75,8.84113,1.61919,10.62933,11,0
pop_size,250,V1,8,76,8.84113,1.06889,10.74831,11,0
pop_size,250,V1,8,77,9.84113,0.56472,10.98616,11,0
pop_size,250,V1,8,78,9.84113,1.6113,10.57446,11,0
pop_size,250,V1,8,79,9.84113,2.3269,10.27619,9,0
pop_size,250,V1,8,80,9.84113,1.93476,10.54615,9,0
pop_size,250,V1,8,81,9.84113,0.4794,11.17541,10,0
pop_size,250,V1,8,82,9.84113,1.98114,10.34571,9,0
pop_size,250,V1,8,83,9.84113,0.83052,10.98161,8,0
pop_size,250,V1,8,84,9.84113,0.29211,11.13903,9,0
pop_size,250,V1,8,85,9.84113,3.48739,9.70982,8,0
pop_size,250,V1,8,86,9.84113,2.85901,10.07137,7,0
pop_size,250,V1,8,87,9.84113,3.7099,9.61792,6,0
pop_size,250,V1,8,88,9.84113,2.52092,10.1897,6,0
pop_size,250,V1,8,89,9.84113,0.87317,10.86386,6,0
pop_size,250,V1,8,90,9.84113,3.24376,9.93306,6,0
pop_size,250,V1,8,91,9.84113,3.46673,9.64813,7,0
pop_size,250,V1,8,92,9.84113,2.78051,10.12694,7,0
pop_size,250,V1,8,93,8.84113,2.28377,10.47745,8,0
pop_size,250,V1,8,94,8.84113,2.25361,10.4361,8,0
pop_size,250,V1,8,95,8.84113,2.12282,10.3404,9,0
pop_size,250,V1,8,96,8.84113,1.74831,10.64269,9,0
pop_size,250,V1,8,97,8.84113,2.05765,10.41893,9,0
pop_size,250,V1,8,98,8.84113,3.02634,10.00319,7,0
pop_size,250,V1,8,99,8.84113,1.66591,10.6148,6,0
pop_size,250,V1,9,0,-5.23875,-13.98715,2.70431,9,0
pop_size,250,V1,9,1,0.49267,-10.57969,3.69946,9,0
pop_size,250,V1,9,2,0.49267,-9.76717,3.56406,9,0
pop_size,250,V1,9,3,3.84113,-9.50456,3.75333,9,0
pop_size,250,V1,9,4,3.84113,-8.9682,3.56553,9,0
pop_size,250,V1,9,5,3.84113,-8.9003,3.83481,9,0
pop_size,250,V1,9,6,17.64113,-8.70283,4.54573,9,0
pop_size,250,V1,9,7,17.64113,-8.85749,4.56773,9,0
pop_size,250,V1,9,8,17.64113,-8.18593,4.45457,9,0
pop_size,250,V1,9,9,17.64113,-8.32838,4.59535,9,0
pop_size,250,V1,9,10,43.94113,-8.0942,6.06549,9,1
pop_size,500,V1,0,0,-10.79101,-14.37647,1.52565,13,0
pop_size,500,V1,0,1,-10.79101,-13.11062,1.66519,13,0
pop_size,500,V1,0,2,-5.35887,-12.78998,1.73186,13,0
pop_size,500,V1,0,3,-5.35887,-12.63679,1.73574,13,0
pop_size,500,V1,0,4,-5.35887,-12.55318,1.76707,13,0
pop_size,500,V1,0,5,-5.35887,-12.5342,1.81641,15,0
pop_size,500,V1,0,6,-5.09773,-12.32704,1.8611,15,0
pop_size,500,V1,0,7,-5.09773,-12.33577,1.84146,15,0
pop_size,500,V1,0,8,-5.09773,-12.37501,2.06693,16,0
pop_size,500,V1,0,9,-5.09773,-12.37701,2.09827,17,0
pop_size,500,V1,0,10,-5.09773,-12.09161,2.16076,17,0
pop_size,500,V1,0,11,-4.15887,-12.14253,2.28034,17,0
pop_size,500,V1,0,12,-4.15887,-12.0162,2.44258,17,0
pop_size,500,V1,0,13,-4.15887,-12.19429,2.56894,17,0
pop_size,500,V1,0,14,-4.15887,-11.79415,2.4886,17,0
pop_size,500,V1,0,15,-4.15887,-11.78822,2.5778,17,0
pop_size,500,V1,0,16,-4.15887,-11.91191,2.58972,17,0
pop_size,500,V1,0,17,-4.15887,-11.76345,2.70231,17,0
pop_size,500,V1,0,18,-4.15887,-11.57899,2.71102,16,0
pop_size,500,V1,0,19,-4.15887,-11.87185,2.80762,15,0
pop_size,500,V1,0,20,-4.15887,-11.95894,2.67117,14,0
pop_size,500,V1,0,21,-4.15887,-11.83665,2.66685,14,0
pop_size,500,V1,0,22,-4.15887,-11.89788,2.58603,11,0
pop_size,500,V1,0,23,-4.15887,-11.63866,2.64197,11,0
pop_size,500,V1,0,24,-4.15887,-11.62647,2.72581,11,0
pop_size,500,V1,0,25,-4.15887,-11.4333,2.69356,11,0
pop_size,500,V1,0,26,-4.15887,-11.80807,2.59218,8,0
pop_size,500,V1,0,27,-4.79836,-11.52305,2.65442,7,0
pop_size,500,V1,0,28,-4.79836,-11.76076,2.53035,7,0
pop_size,500,V1,0,29,-4.79836,-11.41585,2.85081,8,0
pop_size,500,V1,0,30,-4.79836,-11.26725,2.94006,8,0
pop_size,500,V1,0,31,-4.79836,-11.34856,2.98587,8,0
pop_size,500,V1,0,32,-4.79836,-11.25777,3.01507,7,0
pop_size,500,V1,0,33,-4.29773,-11.22401,3.06591,8,0
pop_size,500,V1,0,34,-4.29773,-11.56084,2.74401,7,0
pop_size,500,V1,0,35,-4.29773,-11.60097,2.83377,8,0
pop_size,500,V1,0,36,-4.29773,-11.22258,2.90237,9,0
pop_size,500,V1,0,37,-4.29773,-11.18352,2.97131,11,0
pop_size,500,V1,0,38,-4.29773,-11.22288,2.8452,12,0
pop_size,500,V1,0,39,-4.29773,-10.98444,3.13487,12,0
pop_size,500,V1,0,40,-4.29773,-11.11435,2.9041,12,0
pop_size,500,V1,0,41,-4.29773,-11.04277,2.96161,12,0
pop_size,500,V1,0,42,-4.29773,-10.95465,3.01263,12,0
pop_size,500,V1,0,43,-4.29773,-11.15096,2.85836,11,0
pop_size,500,V1,0,44,-4.29773,-10.86855,2.9075,10,0
pop_size,500,V1,0,45,-4.29773,-11.22743,2.85931,11,0
pop_size,500,V1,0,46,-4.29773,-11.04864,2.82652,11,0
pop_size,500,V1,0,47,-4.25887,-10.8778,3.15107,12,0
pop_size,500,V1,0,48,-4.25887,-10.9869,2.98304,11,0
pop_size,500,V1,0,49,-4.25887,-10.71893,3.23395,9,0
pop_size,500,V1,0,50,-4.25887,-10.70803,3.3377,11,0
pop_size,500,V1,0,51,-4.25887,-10.53967,3.43615,12,0
pop_size,500,V1,0,52,14.04113,-10.21967,3.84987,13,0
pop_size,500,V1,0,53,14.04113,-10.24636,3.77566,13,0
pop_size,500,V1,0,54,14.04113,-10.28119,3.90172,13,0
pop_size,500,V1,0,55,14.04113,-10.34609,3.76873,13,0
pop_size,500,V1,0,56,14.04113,-10.10734,4.0979,13,0
pop_size,500,V1,0,57,14.04113,-10.18697,4.06044,15,0
pop_size,500,V1,0,58,14.04113,-9.80484,4.22878,14,0
pop_size,500,V1,0,59,14.04113,-9.92322,4.35831,13,0
pop_size,500,V1,0,60,14.04113,-9.80557,4.21615,14,0
pop_size,500,V1,0,61,14.04113,-9.60709,4.3891,13,0
pop_size,500,V1,0,62,14.04113,-9.87777,4.41816,13,0
pop_size,500,V1,0,63,14.04113,-10.16374,4.12107,12,0
pop_size,500,V1,0,64,14.04113,-10.12243,4.16177,12,0
pop_size,500,V1,0,65,14.04113,-9.74056,4.13045,13,0
pop_size,500,V1,0,66,14.04113,-9.90407,4.32418,13,0
pop_size,500,V1,0,67,14.04113,-10.25193,4.05514,12,0
pop_size,500,V1,0,68,14.04113,-9.77352,4.18523,12,0
pop_size,500,V1,0,69,14.04113,-10.33248,4.02235,10,0
pop_size,500,V1,0,70,-4.89773,-9.84398,3.63767,9,0
pop_size,500,V1,0,71,-4.89773,-10.41984,3.57359,8,0
pop_size,500,V1,0,72,-4.89773,-9.94939,3.65032,8,0
pop_size,500,V1,0,73,-4.89773,-10.13346,3.62087,7,0
pop_size,500,V1,0,74,-4.89773,-10.46394,3.59159,7,0
pop_size,500,V1,0,75,-4.89773,-10.13816,3.70543,8,0
pop_size,500,V1,0,76,-4.89773,-10.30074,3.64943,7,0
pop_size,500,V1,0,77,-4.89773,-10.5094,3.61167,6,0
pop_size,500,V1,0,78,-4.89773,-10.07775,3.72609,6,0
pop_size,500,V1,0,79,-4.89773,-10.28428,3.61608,6,0
pop_size,500,V1,0,80,-4.89773,-10.30381,3.58529,8,0
pop_size,500,V1,0,81,-4.89773,-10.51779,3.52442,8,0
pop_size,500,V1,0,82,-4.89773,-10.43543,3.49387,8,0
pop_size,500,V1,0,83,-4.79773,-10.05277,3.69202,8,0
pop_size,500,V1,0,84,-4.79773,-10.27297,3.5959,8,0
pop_size,500,V1,0,85,-4.79773,-9.85023,3.64089,6,0
pop_size,500,V1,0,86,-4.79773,-9.82784,3.65053,7,0
pop_size,500,V1,0,87,-4.79773,-9.56434,3.56104,7,0
pop_size,500,V1,0,88,-4.79773,-9.45934,3.66384,7,0
pop_size,500,V1,0,89,-4.79773,-9.77689,3.65315,8,0
pop_size,500,V1,0,90,-4.79773,-9.72097,3.63855,9,0
pop_size,500,V1,0,91,-4.79773,-9.77698,3.60452,9,0
pop_size,500,V1,0,92,-4.79773,-9.70951,3.64121,9,0
pop_size,500,V1,0,93,-4.79773,-9.89421,3.63167,8,0
pop_size,500,V1,0,94,-4.79773,-9.88324,3.65208,9,0
pop_size,500,V1,0,95,-4.79773,-10.01997,3.59728,9,0
pop_size,500,V1,0,96,-4.79773,-9.98769,3.6795,8,0
pop_size,500,V1,0,97,-4.79773,-10.12322,3.48723,8,0
pop_size,500,V1,0,98,-4.79773,-10.30271,3.54857,9,0
pop_size,500,V1,0,99,-4.79773,-10.26498,3.46624,8,0
pop_size,500,V1,1,0,0.31733,-14.603,1.40492,10,0
pop_size,500,V1,1,1,15.44113,-13.64816,2.38981,10,0
pop_size,500,V1,1,2,15.44113,-13.2798,2.61,10,0
pop_size,500,V1,1,3,15.44113,-12.86434,2.51122,10,0
pop_size,500,V1,1,4,43.94113,-12.56121,3.82086,10,1
pop_size,500,V1,2,0,-6.80768,-14.6639,1.12638,12,0
pop_size,500,V1,2,1,-6.80768,-13.97825,1.11322,12,0
pop_size,500,V1,2,2,-1.07208,-13.73945,1.19291,12,0
pop_size,500,V1,2,3,7.74113,-13.57833,1.68795,12,0
pop_size,500,V1,2,4,7.74113,-13.40034,1.96189,12,0
pop_size,500,V1,2,5,7.74113,-13.20709,2.30199,12,0
pop_size,500,V1,2,6,7.74113,-12.94374,2.83936,12,0
pop_size,500,V1,2,7,9.94113,-12.63991,3.67413,13,0
pop_size,500,V1,2,8,17.64113,-12.74629,3.75645,13,0
pop_size,500,V1,2,9,17.64113,-12.51505,4.13838,14,0
pop_size,500,V1,2,10,17.64113,-11.63005,5.25754,14,0
pop_size,500,V1,2,11,17.64113,-11.70783,5.32785,14,0
pop_size,500,V1,2,12,17.64113,-11.71624,5.31127,15,0
pop_size,500,V1,2,13,17.64113,-10.80409,6.1519,15,0
pop_size,500,V1,2,14,17.64113,-10.70514,6.61507,15,0
pop_size,500,V1,2,15,17.64113,-11.10914,6.11646,15,0
pop_size,500,V1,2,16,17.64113,-10.87568,6.29464,15,0
pop_size,500,V1,2,17,17.64113,-11.11706,6.2268,15,0
pop_size,500,V1,2,18,17.64113,-10.65776,6.66527,15,0
pop_size,500,V1,2,19,19.84113,-9.89043,7.3283,14,0
pop_size,500,V1,2,20,19.84113,-9.9647,7.49987,14,0
pop_size,500,V1,2,21,19.84113,-9.42843,7.77454,14,0
pop_size,500,V1,2,22,19.84113,-9.24156,7.8956,14,0
pop_size,500,V1,2,23,43.94113,-8.83398,8.3098,13,1
pop_size,500,V1,3,0,-6.50768,-14.46352,2.37232,10,0
pop_size,500,V1,3,1,0.61738,-12.40369,3.3013,10,0
pop_size,500,V1,3,2,7.74113,-11.14014,3.58516,10,0
pop_size,500,V1,3,3,7.74113,-10.94518,3.76196,10,0
pop_size,500,V1,3,4,10.9708,-10.5386,4.09105,10,0
pop_size,500,V1,3,5,14.34113,-9.9475,4.60162,10,0
pop_size,500,V1,3,6,14.34113,-9.49093,4.82981,10,0
pop_size,500,V1,3,7,14.34113,-8.68516,5.70187,10,0
pop_size,500,V1,3,8,43.94113,-8.70327,6.71938,10,1
pop_size,500,V1,4,0,-8.11793,-14.73491,1.10179,9,0
pop_size,500,V1,4,1,-1.16248,-13.69074,1.46817,9,0
pop_size,500,V1,4,2,-1.16248,-13.35894,1.61628,9,0
pop_size,500,V1,4,3,-1.16248,-13.01448,2.05216,9,0
pop_size,500,V1,4,4,-1.16248,-12.91614,2.0519,9,0
pop_size,500,V1,4,5,2.83663,-12.57286,2.74817,9,0
pop_size,500,V1,4,6,10.14113,-12.28415,3.27554,9,0
pop_size,500,V1,4,7,10.14113,-12.01052,3.61597,9,0
pop_size,500,V1,4,8,10.14113,-11.57587,4.11638,9,0
pop_size,500,V1,4,9,10.14113,-11.54424,4.19099,9,0
pop_size,500,V1,4,10,10.14113,-11.30517,4.79489,9,0
pop_size,500,V1,4,11,10.14113,-10.8825,5.20616,9,0
pop_size,500,V1,4,12,10.14113,-10.35575,5.65638,9,0
pop_size,500,V1,4,13,10.14113,-10.49396,5.59204,9,0
pop_size,500,V1,4,14,10.14113,-9.93276,5.80111,9,0
pop_size,500,V1,4,15,10.14113,-9.961,5.75855,9,0
pop_size,500,V1,4,16,10.14113,-10.19826,5.51402,9,0
pop_size,500,V1,4,17,10.14113,-9.9491,5.84229,9,0
pop_size,500,V1,4,18,10.14113,-10.15844,5.67379,9,0
pop_size,500,V1,4,19,10.34113,-9.80655,6.18538,9,0
pop_size,500,V1,4,20,10.34113,-9.77939,6.12264,9,0
pop_size,500,V1,4,21,10.34113,-9.55271,5.86207,9,0
pop_size,500,V1,4,22,10.34113,-9.54761,6.36787,8,0
pop_size,500,V1,4,23,10.34113,-9.94652,5.84347,7,0
pop_size,500,V1,4,24,10.34113,-9.75542,6.40657,7,0
pop_size,500,V1,4,25,10.34113,-9.98082,6.05709,6,0
pop_size,500,V1,4,26,10.34113,-10.10161,6.40123,5,0
pop_size,500,V1,4,27,10.34113,-9.64783,6.54317,4,0
pop_size,500,V1,4,28,10.34113,-8.9647,7.09801,3,0
pop_size,500,V1,4,29,10.34113,-9.6235,6.34721,3,0
pop_size,500,V1,4,30,10.34113,-9.71178,6.31667,3,0
pop_size,500,V1,4,31,10.34113,-9.84657,6.04987,4,0
pop_size,500,V1,4,32,10.34113,-8.98116,6.56575,4,0
pop_size,500,V1,4,33,10.34113,-8.96179,7.1032,4,0
pop_size,500,V1,4,34,10.34113,-7.83939,7.57781,3,0
pop_size,500,V1,4,35,6.71892,-10.56388,4.48917,4,0
pop_size,500,V1,4,36,9.87922,-10.03317,5.03137,4,0
pop_size,500,V1,4,37,9.87922,-9.96153,4.73675,4,0
pop_size,500,V1,4,38,9.87922,-9.63762,5.30637,4,0
pop_size,500,V1,4,39,9.87922,-9.25945,5.98419,4,0
pop_size,500,V1,4,40,9.87922,-8.60737,6.72141,4,0
pop_size,500,V1,4,41,9.87922,-8.46844,6.79178,4,0
pop_size,500,V1,4,42,9.87922,-8.29333,6.98891,4,0
pop_size,500,V1,4,43,9.87922,-8.50137,6.97154,4,0
pop_size,500,V1,4,44,9.87922,-8.07458,7.14813,4,0
pop_size,500,V1,4,45,9.94113,-7.62755,7.4584,4,0
pop_size,500,V1,4,46,9.94113,-7.53179,7.49666,4,0
pop_size,500,V1,4,47,9.94113,-7.41936,7.73219,4,0
pop_size,500,V1,4,48,9.94113,-7.71313,7.46076,5,0
pop_size,500,V1,4,49,9.94113,-7.86966,7.73662,5,0
pop_size,500,V1,4,50,9.94113,-7.4751,7.97293,5,0
pop_size,500,V1,4,51,9.94113,-7.70986,8.15705,6,0
pop_size,500,V1,4,52,9.94113,-7.21608,8.4391,6,0
pop_size,500,V1,4,53,9.94113,-6.9659,8.3977,6,0
pop_size,500,V1,4,54,9.94113,-6.75798,8.41353,6,0
pop_size,500,V1,4,55,9.94113,-6.57166,8.46421,6,0
pop_size,500,V1,4,56,9.94113,-5.63847,8.73065,6,0
pop_size,500,V1,4,57,9.94113,-5.0657,9.02565,7,0
pop_size,500,V1,4,58,10.46079,-5.71724,8.80073,7,0
pop_size,500,V1,4,59,10.46079,-5.63532,8.92767,8,0
pop_size,500,V1,4,60,10.46079,-6.47005,8.43538,8,0
pop_size,500,V1,4,61,10.46079,-6.20171,8.69385,7,0
pop_size,500,V1,4,62,10.46079,-6.06392,8.58119,7,0
pop_size,500,V1,4,63,10.46079,-4.83658,8.84262,6,0
pop_size,500,V1,4,64,10.46079,-4.85643,8.99374,5,0
pop_size,500,V1,4,65,10.46079,-6.1404,8.75149,5,0
pop_size,500,V1,4,66,10.46079,-6.78818,8.24768,5,0
pop_size,500,V1,4,67,10.46079,-6.09962,8.35904,5,0
pop_size,500,V1,4,68,10.46079,-6.25086,8.51399,8,0
pop_size,500,V1,4,69,10.46079,-6.06495,8.44057,8,0
pop_size,500,V1,4,70,10.46079,-5.45229,8.72824,8,0
pop_size,500,V1,4,71,10.46079,-5.12797,8.89886,8,0
pop_size,500,V1,4,72,10.46079,-5.65161,8.70451,8,0
pop_size,500,V1,4,73,10.46079,-5.40305,8.79161,8,0
pop_size,500,V1,4,74,10.14113,-4.71248,9.06016,7,0
pop_size,500,V1,4,75,10.14113,-5.8119,8.53606,7,0
pop_size,500,V1,4,76,10.14113,-5.72229,8.55384,8,0
pop_size,500,V1,4,77,10.14113,-5.14528,8.76377,8,0
pop_size,500,V1,4,78,10.14113,-4.66408,8.7095,8,0
pop_size,500,V1,4,79,10.14113,-5.02355,8.74027,9,0
pop_size,500,V1,4,80,10.14113,-5.7558,8.44414,8,0
pop_size,500,V1,4,81,10.14113,-4.83635,9.0234,7,0
pop_size,500,V1,4,82,10.14113,-4.38252,9.08378,6,0
pop_size,500,V1,4,83,10.14113,-3.64802,9.12234,5,0
pop_size,500,V1,4,84,10.14113,-3.99203,9.05519,5,0
pop_size,500,V1,4,85,10.14113,-3.77255,9.12439,4,0
pop_size,500,V1,4,86,10.14113,-4.34232,9.1401,4,0
pop_size,500,V1,4,87,10.14113,-4.33254,9.32943,3,0
pop_size,500,V1,4,88,10.14113,-5.84485,8.50784,3,0
pop_size,500,V1,4,89,10.14113,-4.42634,9.15022,2,0
pop_size,500,V1,4,90,10.14113,-5.33199,9.25343,2,0
pop_size,500,V1,4,91,10.14113,-5.23322,9.3909,4,0
pop_size,500,V1,4,92,9.94113,-4.32962,9.85207,4,0
pop_size,500,V1,4,93,9.94113,-4.16764,9.48326,5,0
pop_size,500,V1,4,94,9.94113,-4.37231,9.54045,5,0
pop_size,500,V1,4,95,9.94113,-4.62356,9.56046,6,0
pop_size,500,V1,4,96,9.94113,-3.79993,9.87523,7,0
pop_size,500,V1,4,97,9.94113,-3.49158,10.05945,7,0
pop_size,500,V1,4,98,9.94113,-3.01526,10.06551,7,0
pop_size,500,V1,4,99,9.94113,-3.48198,10.01064,9,0
pop_size,500,V1,5,0,7.74113,-14.97968,1.6893,10,0
pop_size,500,V1,5,1,15.44113,-13.87116,2.78255,10,0
pop_size,500,V1,5,2,15.44113,-12.53555,4.15163,10,0
pop_size,500,V1,5,3,15.44113,-11.68817,5.41596,10,0
pop_size,500,V1,5,4,43.94113,-10.7493,6.46937,10,1
pop_size,500,V1,6,0,1.67316,-13.8675,2.79906,12,0
pop_size,500,V1,6,1,1.67316,-10.98911,3.8463,12,0
pop_size,500,V1,6,2,7.7875,-10.12359,4.0229,12,0
pop_size,500,V1,6,3,11.99227,-9.59283,4.26742,12,0
pop_size,500,V1,6,4,11.99227,-9.33173,4.62446,12,0
pop_size,500,V1,6,5,15.53292,-9.00169,4.69448,12,0
pop_size,500,V1,6,6,15.53292,-9.02026,4.68689,12,0
pop_size,500,V1,6,7,15.73292,-9.1857,5.4108,13,0
pop_size,500,V1,6,8,15.73292,-8.80076,5.69518,13,0
pop_size,500,V1,6,9,15.73292,-8.36006,5.89824,13,0
pop_size,500,V1,6,10,15.73292,-8.23635,5.96852,13,0
pop_size,500,V1,6,11,15.73292,-7.893,5.85713,14,0
pop_size,500,V1,6,12,18.06899,-7.60544,5.94999,14,0
pop_size,500,V1,6,13,18.06899,-7.7919,6.27423,14,0
pop_size,500,V1,6,14,18.06899,-7.63819,6.3542,14,0
pop_size,500,V1,6,15,18.06899,-7.61419,6.54562,15,0
pop_size,500,V1,6,16,18.06899,-7.31831,6.51662,15,0
pop_size,500,V1,6,17,19.03557,-7.44959,7.10169,15,0
pop_size,500,V1,6,18,19.03557,-7.83009,7.02602,15,0
pop_size,500,V1,6,19,19.03557,-7.79808,6.98501,15,0
pop_size,500,V1,6,20,19.03557,-7.68464,7.091,15,0
pop_size,500,V1,6,21,19.03557,-7.62403,7.61887,15,0
pop_size,500,V1,6,22,19.53557,-6.79998,7.46048,15,0
pop_size,500,V1,6,23,19.53557,-6.41335,8.15563,14,0
pop_size,500,V1,6,24,19.53557,-6.60603,8.29366,13,0
pop_size,500,V1,6,25,19.53557,-6.88071,8.2379,13,0
pop_size,500,V1,6,26,19.53557,-6.55696,8.27871,13,0
pop_size,500,V1,6,27,19.53557,-5.24532,9.10982,13,0
pop_size,500,V1,6,28,19.53557,-5.69621,9.36584,13,0
pop_size,500,V1,6,29,19.53557,-4.3731,9.92578,13,0
pop_size,500,V1,6,30,19.53557,-4.88225,10.05038,12,0
pop_size,500,V1,6,31,19.53557,-5.19914,9.59229,12,0
pop_size,500,V1,6,32,19.53557,-4.88003,9.72857,12,0
pop_size,500,V1,6,33,19.53557,-5.45634,9.66359,12,0
pop_size,500,V1,6,34,19.53557,-4.79189,9.90426,12,0
pop_size,500,V1,6,35,19.53557,-4.75993,9.6623,11,0
pop_size,500,V1,6,36,19.53557,-4.04009,10.09104,11,0
pop_size,500,V1,6,37,19.53557,-4.64718,9.79193,11,0
pop_size,500,V1,6,38,43.94113,-4.63569,10.0313,10,1
pop_size,500,V1,7,0,-9.28422,-15.02324,1.13924,11,0
pop_size,500,V1,7,1,-3.0806,-13.97679,1.76372,11,0
pop_size,500,V1,7,2,-3.0806,-13.5518,1.87826,11,0
pop_size,500,V1,7,3,-3.0806,-13.3363,2.03549,11,0
pop_size,500,V1,7,4,-3.0806,-13.0258,2.35075,11,0
pop_size,500,V1,7,5,-2.4537,-13.01984,2.59866,11,0
pop_size,500,V1,7,6,-2.4537,-12.93874,2.9525,11,0
pop_size,500,V1,7,7,0.54214,-12.83681,3.09401,11,0
pop_size,500,V1,7,8,0.54214,-12.56931,3.38858,11,0
pop_size,500,V1,7,9,0.54214,-12.02561,3.93479,11,0
pop_size,500,V1,7,10,8.53488,-11.68688,4.47716,11,0
pop_size,500,V1,7,11,8.53488,-11.38856,4.70926,11,0
pop_size,500,V1,7,12,8.53488,-11.26199,4.84266,11,0
pop_size,500,V1,7,13,8.53488,-11.52342,4.75918,12,0
pop_size,500,V1,7,14,11.01098,-10.73122,5.2563,12,0
pop_size,500,V1,7,15,11.01098,-10.90308,5.22331,12,0
pop_size,500,V1,7,16,11.01098,-10.70451,5.24413,12,0
pop_size,500,V1,7,17,11.01098,-10.2196,5.56566,12,0
pop_size,500,V1,7,18,11.01098,-10.50593,5.74594,12,0
pop_size,500,V1,7,19,11.01098,-9.6855,6.23171,12,0
pop_size,500,V1,7,20,11.01098,-9.5929,6.39234,11,0
pop_size,500,V1,7,21,11.01098,-9.89293,6.23354,10,0
pop_size,500,V1,7,22,11.01098,-9.50076,6.53223,9,0
pop_size,500,V1,7,23,11.01098,-9.89324,6.46644,9,0
pop_size,500,V1,7,24,11.01098,-9.87103,6.2734,9,0
pop_size,500,V1,7,25,11.01098,-9.44943,6.44191,9,0
pop_size,500,V1,7,26,11.01098,-9.13857,6.45392,9,0
pop_size,500,V1,7,27,11.01098,-9.29961,6.46908,7,0
pop_size,500,V1,7,28,11.01098,-9.47738,6.36092,6,0
pop_size,500,V1,7,29,19.84113,-8.46808,6.68474,6,0
pop_size,500,V1,7,30,19.84113,-8.27783,6.62429,5,0
pop_size,500,V1,7,31,19.84113,-8.04768,6.77831,5,0
pop_size,500,V1,7,32,19.84113,-8.1218,6.82383,4,0
pop_size,500,V1,7,33,19.84113,-8.66835,6.78831,4,0
pop_size,500,V1,7,34,19.84113,-8.99975,6.68905,3,0
pop_size,500,V1,7,35,19.84113,-9.38625,6.69185,2,0
pop_size,500,V1,7,36,19.84113,-9.46215,6.94513,2,0
pop_size,500,V1,7,37,19.84113,-8.94471,6.95193,2,0
pop_size,500,V1,7,38,19.84113,-8.77111,6.92163,2,0
pop_size,500,V1,7,39,19.84113,-9.18267,6.76847,2,0
pop_size,500,V1,7,40,19.84113,-10.09189,6.03217,1,0
pop_size,500,V1,7,41,19.84113,-10.33148,6.00667,1,0
pop_size,500,V1,7,42,19.84113,-9.63482,6.1007,2,0
pop_size,500,V1,7,43,19.84113,-9.95845,6.04036,2,0
pop_size,500,V1,7,44,19.84113,-10.37738,5.96187,2,0
pop_size,500,V1,7,45,-2.8806,-9.86897,5.76775,2,0
pop_size,500,V1,7,46,-2.4537,-9.19956,5.7697,2,0
pop_size,500,V1,7,47,1.33615,-9.30435,5.80972,2,0
pop_size,500,V1,7,48,1.33615,-9.20887,5.84781,3,0
pop_size,500,V1,7,49,11.01098,-9.26466,5.90051,3,0
pop_size,500,V1,7,50,11.01098,-8.82305,6.00154,5,0
pop_size,500,V1,7,51,11.01098,-8.82982,6.25178,5,0
pop_size,500,V1,7,52,11.01098,-9.67633,6.30879,5,0
pop_size,500,V1,7,53,11.01098,-9.24812,6.15032,5,0
pop_size,500,V1,7,54,11.01098,-9.28523,6.17467,5,0
pop_size,500,V1,7,55,11.01098,-8.30836,6.30513,5,0
pop_size,500,V1,7,56,15.44113,-9.11501,6.58496,6,0
pop_size,500,V1,7,57,15.44113,-8.32553,6.48914,6,0
pop_size,500,V1,7,58,15.44113,-9.01373,6.92848,6,0
pop_size,500,V1,7,59,15.44113,-9.39947,6.5912,6,0
pop_size,500,V1,7,60,15.44113,-8.56853,6.62158,6,0
pop_size,500,V1,7,61,15.44113,-8.81622,7.25233,6,0
pop_size,500,V1,7,62,15.44113,-8.61878,7.33711,7,0
pop_size,500,V1,7,63,15.44113,-8.28128,7.54686,7,0
pop_size,500,V1,7,64,15.44113,-8.12005,8.02518,7,0
pop_size,500,V1,7,65,15.44113,-7.7567,8.20753,8,0
pop_size,500,V1,7,66,15.44113,-7.41593,8.62103,9,0
pop_size,500,V1,7,67,15.44113,-6.6112,8.64665,9,0
pop_size,500,V1,7,68,15.44113,-6.99765,8.35393,9,0
pop_size,500,V1,7,69,15.44113,-7.2905,8.29338,9,0
pop_size,500,V1,7,70,15.44113,-6.74225,8.16496,10,0
pop_size,500,V1,7,71,15.44113,-6.29771,8.6161,10,0
pop_size,500,V1,7,72,15.44113,-6.79236,8.6359,10,0
pop_size,500,V1,7,73,15.44113,-6.77764,8.67081,9,0
pop_size,500,V1,7,74,15.44113,-6.8908,8.69059,9,0
pop_size,500,V1,7,75,15.44113,-7.36881,8.53307,11,0
pop_size,500,V1,7,76,15.44113,-6.82002,8.511,12,0
pop_size,500,V1,7,77,15.44113,-6.49363,8.82158,11,0
pop_size,500,V1,7,78,15.44113,-6.32202,8.77579,11,0
pop_size,500,V1,7,79,15.44113,-5.93704,8.53554,11,0
pop_size,500,V1,7,80,15.44113,-5.85846,8.73926,11,0
pop_size,500,V1,7,81,15.44113,-6.29791,8.25597,10,0
pop_size,500,V1,7,82,15.44113,-6.57997,8.27208,10,0
pop_size,500,V1,7,83,15.44113,-6.80801,8.43068,11,0
pop_size,500,V1,7,84,15.44113,-6.28401,8.50711,11,0
pop_size,500,V1,7,85,15.44113,-6.61164,8.46478,11,0
pop_size,500,V1,7,86,15.44113,-6.09655,8.85307,9,0
pop_size,500,V1,7,87,15.44113,-6.46534,8.2972,8,0
pop_size,500,V1,7,88,15.44113,-5.95946,8.63567,8,0
pop_size,500,V1,7,89,11.21098,-5.76864,8.91683,6,0
pop_size,500,V1,7,90,11.21098,-6.28014,8.45484,6,0
pop_size,500,V1,7,91,15.44113,-6.56379,8.33253,6,0
pop_size,500,V1,7,92,15.44113,-6.50122,8.86765,4,0
pop_size,500,V1,7,93,15.44113,-5.23331,9.13586,5,0
pop_size,500,V1,7,94,15.44113,-4.58206,9.38721,5,0
pop_size,500,V1,7,95,15.44113,-3.84927,9.54979,6,0
pop_size,500,V1,7,96,15.44113,-4.95156,9.88715,6,0
pop_size,500,V1,7,97,15.44113,-3.94354,10.26264,6,0
pop_size,500,V1,7,98,15.44113,-4.62758,10.08332,8,0
pop_size,500,V1,7,99,15.44113,-4.16405,9.85298,8,0
pop_size,500,V1,8,0,-4.14206,-14.53557,2.21965,11,0
pop_size,500,V1,8,1,-4.14206,-11.97112,2.85917,11,0
pop_size,500,V1,8,2,-4.14206,-11.67777,2.82579,11,0
pop_size,500,V1,8,3,-1.56248,-11.85261,3.07476,11,0
pop_size,500,V1,8,4,8.84113,-11.80022,3.54395,11,0
pop_size,500,V1,8,5,8.84113,-11.49028,4.03572,11,0
pop_size,500,V1,8,6,8.94113,-10.55682,4.72932,11,0
pop_size,500,V1,8,7,9.04113,-10.54283,5.25591,11,0
pop_size,500,V1,8,8,9.87922,-10.03866,5.7669,11,0
pop_size,500,V1,8,9,18.74113,-9.72805,6.61475,11,0
pop_size,500,V1,8,10,19.57885,-9.0777,7.31151,11,0
pop_size,500,V1,8,11,19.57885,-8.15578,7.93056,11,0
pop_size,500,V1,8,12,19.57885,-6.81315,8.71869,12,0
pop_size,500,V1,8,13,19.57885,-5.84415,9.42415,13,0
pop_size,500,V1,8,14,19.57885,-5.67047,9.67881,14,0
pop_size,500,V1,8,15,19.57885,-4.07661,10.05706,14,0
pop_size,500,V1,8,16,19.57885,-4.42794,10.22199,14,0
pop_size,500,V1,8,17,19.57885,-4.36664,10.43044,14,0
pop_size,500,V1,8,18,19.57885,-3.88668,10.55849,14,0
pop_size,500,V1,8,19,19.57885,-4.48534,10.40806,14,0
pop_size,500,V1,8,20,19.57885,-3.40377,10.58852,14,0
pop_size,500,V1,8,21,19.57885,-4.00529,10.50809,14,0
pop_size,500,V1,8,22,19.57885,-3.32908,10.51107,14,0
pop_size,500,V1,8,23,19.57885,-3.44072,10.71374,14,0
pop_size,500,V1,8,24,19.57885,-4.15372,10.77384,13,0
pop_size,500,V1,8,25,19.57885,-3.63133,10.78722,13,0
pop_size,500,V1,8,26,19.57885,-4.10025,10.77773,13,0
pop_size,500,V1,8,27,19.57885,-3.96548,11.09799,13,0
pop_size,500,V1,8,28,19.57885,-1.93211,10.91586,13,0
pop_size,500,V1,8,29,19.57885,-1.81552,11.23167,10,0
pop_size,500,V1,8,30,19.57885,-1.89147,11.33562,10,0
pop_size,500,V1,8,31,19.57885,-1.96032,11.18942,10,0
pop_size,500,V1,8,32,19.57885,-2.162,11.27888,11,0
pop_size,500,V1,8,33,19.57885,-1.42466,11.15546,12,0
pop_size,500,V1,8,34,19.57885,-0.84046,11.20214,11,0
pop_size,500,V1,8,35,19.57885,0.64761,10.77549,11,0
pop_size,500,V1,8,36,19.57885,-0.02353,10.99495,11,0
pop_size,500,V1,8,37,21.94113,-0.48459,11.22087,10,0
pop_size,500,V1,8,38,21.94113,-0.57447,11.28132,11,0
pop_size,500,V1,8,39,21.94113,-0.53048,11.37434,11,0
pop_size,500,V1,8,40,21.94113,-0.41792,11.25922,10,0
pop_size,500,V1,8,41,21.94113,0.68127,11.30216,8,0
pop_size,500,V1,8,42,21.94113,0.27754,11.32707,8,0
pop_size,500,V1,8,43,21.94113,0.09295,11.4018,8,0
pop_size,500,V1,8,44,21.94113,0.43505,11.62658,7,0
pop_size,500,V1,8,45,21.94113,1.16095,11.3396,7,0
pop_size,500,V1,8,46,21.94113,0.45578,11.26832,7,0
pop_size,500,V1,8,47,21.94113,1.03119,11.67997,7,0
pop_size,500,V1,8,48,21.94113,0.99828,11.59243,8,0
pop_size,500,V1,8,49,21.94113,0.87867,11.48347,8,0
pop_size,500,V1,8,50,21.94113,0.97641,11.50376,8,0
pop_size,500,V1,8,51,21.94113,0.97673,11.73648,9,0
pop_size,500,V1,8,52,21.94113,1.19149,11.95473,9,0
pop_size,500,V1,8,53,19.57885,0.69972,11.31585,10,0
pop_size,500,V1,8,54,19.57885,1.43217,11.48719,11,0
pop_size,500,V1,8,55,21.94113,1.58365,11.27472,11,0
pop_size,500,V1,8,56,21.94113,2.16836,11.72118,10,0
pop_size,500,V1,8,57,21.94113,1.95443,11.70959,8,0
pop_size,500,V1,8,58,21.94113,0.78759,12.12433,8,0
pop_size,500,V1,8,59,21.94113,1.04072,11.75352,9,0
pop_size,500,V1,8,60,21.94113,2.08283,11.52168,9,0
pop_size,500,V1,8,61,21.94113,1.58729,11.99812,9,0
pop_size,500,V1,8,62,21.94113,3.35794,11.34677,10,0
pop_size,500,V1,8,63,21.94113,1.67178,11.70083,11,0
pop_size,500,V1,8,64,21.94113,2.49603,11.36613,12,0
pop_size,500,V1,8,65,21.94113,2.459,11.24627,11,0
pop_size,500,V1,8,66,21.94113,2.85071,11.29688,12,0
pop_size,500,V1,8,67,21.94113,3.13405,11.39716,14,0
pop_size,500,V1,8,68,21.94113,2.69274,11.56152,16,0
pop_size,500,V1,8,69,21.94113,2.84732,12.00969,15,0
pop_size,500,V1,8,70,21.94113,2.138,12.01095,16,0
pop_size,500,V1,8,71,19.77885,1.64706,11.63642,16,0
pop_size,500,V1,8,72,19.77885,1.96917,11.56997,16,0
pop_size,500,V1,8,73,19.77885,3.56996,11.07115,17,0
pop_size,500,V1,8,74,19.77885,2.70591,11.84466,17,0
pop_size,500,V1,8,75,19.77885,3.17446,11.20124,18,0
pop_size,500,V1,8,76,19.77885,3.45963,11.34284,18,0
pop_size,500,V1,8,77,19.77885,2.11275,12.10984,16,0
pop_size,500,V1,8,78,19.77885,2.53868,12.01728,14,0
pop_size,500,V1,8,79,19.77885,1.63719,12.12329,15,0
pop_size,500,V1,8,80,19.77885,1.65146,12.19829,15,0
pop_size,500,V1,8,81,20.94113,2.60909,11.68733,15,0
pop_size,500,V1,8,82,20.94113,2.18119,11.92292,15,0
pop_size,500,V1,8,83,20.94113,3.57533,11.44985,12,0
pop_size,500,V1,8,84,20.94113,3.58818,11.84159,11,0
pop_size,500,V1,8,85,20.94113,3.39029,12.05791,11,0
pop_size,500,V1,8,86,20.94113,2.51789,11.90486,12,0
pop_size,500,V1,8,87,20.94113,2.79532,11.53878,13,0
pop_size,500,V1,8,88,20.94113,2.19072,11.5253,13,0
pop_size,500,V1,8,89,20.94113,2.10459,11.42783,14,0
pop_size,500,V1,8,90,20.94113,1.83609,11.56316,13,0
pop_size,500,V1,8,91,20.94113,1.64916,12.031,13,0
pop_size,500,V1,8,92,20.94113,1.67061,11.45479,12,0
pop_size,500,V1,8,93,20.94113,3.77314,11.02343,13,0
pop_size,500,V1,8,94,20.94113,2.73828,10.99612,13,0
pop_size,500,V1,8,95,20.94113,1.19673,11.40713,11,0
pop_size,500,V1,8,96,20.94113,2.02835,11.27559,10,0
pop_size,500,V1,8,97,19.57885,1.46864,11.40145,10,0
pop_size,500,V1,8,98,19.57885,2.64996,11.16403,10,0
pop_size,500,V1,8,99,19.57885,2.75237,10.92678,10,0
pop_size,500,V1,9,0,-5.23875,-14.03236,2.64274,10,0
pop_size,500,V1,9,1,-0.1744,-11.13158,3.72444,10,0
pop_size,500,V1,9,2,43.94113,-9.99233,4.4501,10,1
compatibility_threshold,3.2,V1,0,0,-5.59773,-14.33313,1.55878,1,0
compatibility_threshold,3.2,V1,0,1,-5.59773,-13.15652,1.71079,1,0
compatibility_threshold,3.2,V1,0,2,-5.59773,-12.96893,1.65674,3,0
compatibility_threshold,3.2,V1,0,3,-5.59773,-12.7459,1.56859,3,0
compatibility_threshold,3.2,V1,0,4,-5.59773,-12.82873,1.58866,3,0
compatibility_threshold,3.2,V1,0,5,-5.59773,-12.61373,1.57531,3,0
compatibility_threshold,3.2,V1,0,6,-5.59773,-12.57285,1.74466,3,0
compatibility_threshold,3.2,V1,0,7,-5.59773,-12.50886,1.75189,3,0
compatibility_threshold,3.2,V1,0,8,-5.35887,-12.46938,1.82485,3,0
compatibility_threshold,3.2,V1,0,9,-5.35887,-12.36792,1.81623,3,0
compatibility_threshold,3.2,V1,0,10,-5.35887,-12.3308,1.87936,3,0
compatibility_threshold,3.2,V1,0,11,-5.35887,-12.22891,1.78974,3,0
compatibility_threshold,3.2,V1,0,12,-5.35887,-12.19411,1.92386,3,0
compatibility_threshold,3.2,V1,0,13,-5.35887,-12.1749,1.85794,7,0
compatibility_threshold,3.2,V1,0,14,-5.35887,-12.11461,1.90707,7,0
compatibility_threshold,3.2,V1,0,15,-5.35887,-12.02609,1.93359,7,0
compatibility_threshold,3.2,V1,0,16,-5.35887,-12.20899,2.04229,7,0
compatibility_threshold,3.2,V1,0,17,-5.35887,-12.2515,2.02368,7,0
compatibility_threshold,3.2,V1,0,18,-5.35887,-12.21857,2.1059,7,0
compatibility_threshold,3.2,V1,0,19,-5.35887,-12.27976,2.06605,7,0
compatibility_threshold,3.2,V1,0,20,-5.35887,-12.16055,2.07051,7,0
compatibility_threshold,3.2,V1,0,21,-5.35887,-12.08747,2.15737,7,0
compatibility_threshold,3.2,V1,0,22,-5.35887,-12.03887,2.35265,7,0
compatibility_threshold,3.2,V1,0,23,14.04113,-11.83157,2.54549,7,0
compatibility_threshold,3.2,V1,0,24,14.04113,-11.83805,2.61237,6,0
compatibility_threshold,3.2,V1,0,25,14.04113,-11.84276,2.70007,6,0
compatibility_threshold,3.2,V1,0,26,14.04113,-11.66006,3.06485,5,0
compatibility_threshold,3.2,V1,0,27,14.04113,-11.34027,3.40174,5,0
compatibility_threshold,3.2,V1,0,28,14.04113,-11.05005,3.75139,5,0
compatibility_threshold,3.2,V1,0,29,14.04113,-10.74214,4.37239,4,0
compatibility_threshold,3.2,V1,0,30,14.04113,-10.8092,4.10261,4,0
compatibility_threshold,3.2,V1,0,31,14.04113,-10.47516,4.34642,4,0
compatibility_threshold,3.2,V1,0,32,14.04113,-10.70839,4.47863,4,0
compatibility_threshold,3.2,V1,0,33,14.04113,-10.31965,5.27227,4,0
compatibility_threshold,3.2,V1,0,34,14.04113,-10.73033,4.87693,4,0
compatibility_threshold,3.2,V1,0,35,14.04113,-10.44013,5.54463,4,0
compatibility_threshold,3.2,V1,0,36,14.04113,-10.55307,5.80504,4,0
compatibility_threshold,3.2,V1,0,37,14.04113,-10.23049,5.77518,5,0
compatibility_threshold,3.2,V1,0,38,14.24113,-10.03302,6.1573,6,0
compatibility_threshold,3.2,V1,0,39,14.24113,-9.05176,7.47493,5,0
compatibility_threshold,3.2,V1,0,40,14.24113,-8.6706,8.13444,5,0
compatibility_threshold,3.2,V1,0,41,14.24113,-7.98899,8.95295,5,0
compatibility_threshold,3.2,V1,0,42,14.24113,-6.35046,10.2169,4,0
compatibility_threshold,3.2,V1,0,43,14.24113,-6.54396,10.42791,4,0
compatibility_threshold,3.2,V1,0,44,14.24113,-6.24014,10.51683,4,0
compatibility_threshold,3.2,V1,0,45,14.24113,-6.18095,10.61242,4,0
compatibility_threshold,3.2,V1,0,46,14.24113,-5.8823,10.87656,4,0
compatibility_threshold,3.2,V1,0,47,14.28574,-4.92844,11.14763,5,0
compatibility_threshold,3.2,V1,0,48,14.28574,-5.28181,11.1517,5,0
compatibility_threshold,3.2,V1,0,49,14.28574,-5.5391,10.97983,5,0
compatibility_threshold,3.2,V1,0,50,14.28574,-4.50014,11.47702,5,0
compatibility_threshold,3.2,V1,0,51,14.28574,-4.33368,11.57761,5,0
compatibility_threshold,3.2,V1,0,52,14.28574,-4.3361,11.5548,5,0
compatibility_threshold,3.2,V1,0,53,14.28574,-4.38864,11.57262,5,0
compatibility_threshold,3.2,V1,0,54,14.28574,-3.17311,11.78914,4,0
compatibility_threshold,3.2,V1,0,55,14.28574,-2.42793,12.02814,4,0
compatibility_threshold,3.2,V1,0,56,14.28574,-3.7963,11.70717,5,0
compatibility_threshold,3.2,V1,0,57,14.28574,-3.7505,11.71515,5,0
compatibility_threshold,3.2,V1,0,58,14.28574,-3.3556,11.90336,5,0
compatibility_threshold,3.2,V1,0,59,14.28574,-3.09149,12.05826,5,0
compatibility_threshold,3.2,V1,0,60,14.28574,-3.69089,11.73057,6,0
compatibility_threshold,3.2,V1,0,61,14.28574,-3.52757,11.9122,6,0
compatibility_threshold,3.2,V1,0,62,14.28574,-3.7898,11.58076,6,0
compatibility_threshold,3.2,V1,0,63,14.28574,-3.54487,11.7243,6,0
compatibility_threshold,3.2,V1,0,64,14.28574,-4.02312,11.70846,6,0
compatibility_threshold,3.2,V1,0,65,14.28574,-3.94921,11.7668,5,0
compatibility_threshold,3.2,V1,0,66,14.28574,-4.26465,11.52488,5,0
compatibility_threshold,3.2,V1,0,67,14.28574,-3.73133,11.65072,6,0
compatibility_threshold,3.2,V1,0,68,14.28574,-2.8968,11.99788,6,0
compatibility_threshold,3.2,V1,0,69,14.28574,-2.86427,12.07641,6,0
compatibility_threshold,3.2,V1,0,70,14.28574,-3.21986,11.92495,6,0
compatibility_threshold,3.2,V1,0,71,14.28574,-2.75656,12.05973,6,0
compatibility_threshold,3.2,V1,0,72,14.28574,-3.00048,12.14426,6,0
compatibility_threshold,3.2,V1,0,73,14.28574,-3.36627,11.93701,6,0
compatibility_threshold,3.2,V1,0,74,14.28574,-2.53621,12.22597,6,0
compatibility_threshold,3.2,V1,0,75,14.28574,-3.08463,11.96345,6,0
compatibility_threshold,3.2,V1,0,76,14.28574,-2.1181,12.19158,6,0
compatibility_threshold,3.2,V1,0,77,14.28574,-2.67779,12.11211,5,0
compatibility_threshold,3.2,V1,0,78,14.28574,-2.99349,11.99574,6,0
compatibility_threshold,3.2,V1,0,79,14.28574,-2.82611,11.95258,7,0
compatibility_threshold,3.2,V1,0,80,14.28574,-3.20318,12.0545,7,0
compatibility_threshold,3.2,V1,0,81,14.28574,-2.9918,12.05093,6,0
compatibility_threshold,3.2,V1,0,82,14.28574,-2.07089,12.31563,6,0
compatibility_threshold,3.2,V1,0,83,14.28574,-2.03917,12.31638,6,0
compatibility_threshold,3.2,V1,0,84,14.28574,-0.74497,12.62785,6,0
compatibility_threshold,3.2,V1,0,85,14.28574,-1.25929,12.40737,5,0
compatibility_threshold,3.2,V1,0,86,14.28574,-1.86924,12.37911,5,0
compatibility_threshold,3.2,V1,0,87,14.28574,-1.95319,12.401,5,0
compatibility_threshold,3.2,V1,0,88,14.28574,-2.03346,12.33997,5,0
compatibility_threshold,3.2,V1,0,89,14.28574,-2.24943,12.27473,5,0
compatibility_threshold,3.2,V1,0,90,14.28574,-1.84666,12.42593,5,0
compatibility_threshold,3.2,V1,0,91,14.28574,-1.59502,12.45176,4,0
compatibility_threshold,3.2,V1,0,92,14.28574,-1.89317,12.31748,4,0
compatibility_threshold,3.2,V1,0,93,14.28574,-2.02264,12.33296,4,0
compatibility_threshold,3.2,V1,0,94,14.28574,-2.21051,12.36769,3,0
compatibility_threshold,3.2,V1,0,95,14.28574,-1.73677,12.48586,3,0
compatibility_threshold,3.2,V1,0,96,14.28574,-1.34611,12.57873,3,0
compatibility_threshold,3.2,V1,0,97,14.28574,-1.56573,12.47632,3,0
compatibility_threshold,3.2,V1,0,98,14.28574,-1.01947,12.61719,3,0
compatibility_threshold,3.2,V1,0,99,14.28574,-1.18721,12.49175,2,0
compatibility_threshold,2.6,V1,0,0,-5.59773,-14.33313,1.55878,48,0
compatibility_threshold,2.6,V1,0,1,-5.59773,-13.30202,1.7105,48,0
compatibility_threshold,2.6,V1,0,2,-5.59773,-13.05216,1.69419,48,0
compatibility_threshold,2.6,V1,0,3,-5.59773,-12.80663,1.64561,48,0
compatibility_threshold,2.6,V1,0,4,-5.59773,-12.63158,1.67768,48,0
compatibility_threshold,2.6,V1,0,5,-5.59773,-12.54296,1.72404,48,0
compatibility_threshold,2.6,V1,0,6,-5.59773,-12.51881,1.7988,48,0
compatibility_threshold,2.6,V1,0,7,-5.59773,-12.35392,1.79171,48,0
compatibility_threshold,2.6,V1,0,8,-5.59773,-12.46248,1.8732,49,0
compatibility_threshold,2.6,V1,0,9,-4.99836,-12.26254,1.82665,49,0
compatibility_threshold,2.6,V1,0,10,-4.99836,-12.25138,1.93964,49,0
compatibility_threshold,2.6,V1,0,11,-4.99836,-12.23012,1.91547,49,0
compatibility_threshold,2.6,V1,0,12,-4.99836,-12.10468,1.9233,50,0
compatibility_threshold,2.6,V1,0,13,-4.99836,-12.05146,2.02508,51,0
compatibility_threshold,2.6,V1,0,14,-4.99836,-12.1579,2.08605,52,0
compatibility_threshold,2.6,V1,0,15,-4.99836,-12.0794,2.16032,52,0
compatibility_threshold,2.6,V1,0,16,-4.15887,-12.00174,2.04167,49,0
compatibility_threshold,2.6,V1,0,17,-4.15887,-11.91061,2.03056,47,0
compatibility_threshold,2.6,V1,0,18,-4.15887,-11.98647,2.24079,48,0
compatibility_threshold,2.6,V1,0,19,-4.15887,-11.90931,2.24955,45,0
compatibility_threshold,2.6,V1,0,20,-4.15887,-11.79433,2.36585,43,0
compatibility_threshold,2.6,V1,0,21,-4.15887,-11.89449,2.34638,40,0
compatibility_threshold,2.6,V1,0,22,-4.15887,-11.88557,2.45415,35,0
compatibility_threshold,2.6,V1,0,23,-4.15887,-11.9207,2.48007,33,0
compatibility_threshold,2.6,V1,0,24,-4.15887,-11.77264,2.40664,32,0
compatibility_threshold,2.6,V1,0,25,-1.49059,-11.99694,2.49957,30,0
compatibility_threshold,2.6,V1,0,26,-1.49059,-11.86614,2.43613,29,0
compatibility_threshold,2.6,V1,0,27,-1.49059,-11.97649,2.45188,27,0
compatibility_threshold,2.6,V1,0,28,-1.49059,-11.98374,2.39317,26,0
compatibility_threshold,2.6,V1,0,29,14.04113,-11.79396,2.58617,27,0
compatibility_threshold,2.6,V1,0,30,14.04113,-11.91302,2.66371,26,0
compatibility_threshold,2.6,V1,0,31,14.04113,-11.81861,2.69999,27,0
compatibility_threshold,2.6,V1,0,32,14.04113,-11.7759,2.92028,26,0
compatibility_threshold,2.6,V1,0,33,14.04113,-11.78602,2.8226,25,0
compatibility_threshold,2.6,V1,0,34,14.04113,-11.68164,2.7233,27,0
compatibility_threshold,2.6,V1,0,35,14.04113,-11.64649,3.09623,26,0
compatibility_threshold,2.6,V1,0,36,14.04113,-11.63103,2.93348,28,0
compatibility_threshold,2.6,V1,0,37,14.04113,-11.48312,3.25255,28,0
compatibility_threshold,2.6,V1,0,38,14.04113,-11.36802,3.24785,28,0
compatibility_threshold,2.6,V1,0,39,14.04113,-11.42505,3.51572,29,0
compatibility_threshold,2.6,V1,0,40,14.04113,-11.43342,3.40788,33,0
compatibility_threshold,2.6,V1,0,41,14.04113,-11.23939,3.63774,31,0
compatibility_threshold,2.6,V1,0,42,14.04113,-11.19159,3.64541,31,0
compatibility_threshold,2.6,V1,0,43,14.04113,-11.21928,3.80104,30,0
compatibility_threshold,2.6,V1,0,44,14.04113,-10.88315,4.09504,30,0
compatibility_threshold,2.6,V1,0,45,14.04113,-11.00109,4.1437,29,0
compatibility_threshold,2.6,V1,0,46,14.04113,-10.82569,4.22311,29,0
compatibility_threshold,2.6,V1,0,47,14.04113,-10.5781,4.81289,28,0
compatibility_threshold,2.6,V1,0,48,14.04113,-10.32157,5.1746,28,0
compatibility_threshold,2.6,V1,0,49,14.04113,-10.21507,5.76901,27,0
compatibility_threshold,2.6,V1,0,50,14.04113,-9.85471,6.31479,26,0
compatibility_threshold,2.6,V1,0,51,14.04113,-10.26924,5.33327,24,0
compatibility_threshold,2.6,V1,0,52,14.04113,-10.45635,5.28141,25,0
compatibility_threshold,2.6,V1,0,53,14.04113,-10.23368,5.73217,27,0
compatibility_threshold,2.6,V1,0,54,14.04113,-10.11799,5.83307,25,0
compatibility_threshold,2.6,V1,0,55,14.04113,-9.9516,5.86111,26,0
compatibility_threshold,2.6,V1,0,56,14.04113,-9.62592,6.62313,28,0
compatibility_threshold,2.6,V1,0,57,14.04113,-9.68208,6.36479,30,0
compatibility_threshold,2.6,V1,0,58,14.04113,-9.73883,5.94092,33,0
compatibility_threshold,2.6,V1,0,59,14.04113,-9.60792,6.23648,32,0
compatibility_threshold,2.6,V1,0,60,14.04113,-9.95727,6.01085,30,0
compatibility_threshold,2.6,V1,0,61,14.04113,-9.47691,6.68777,31,0
compatibility_threshold,2.6,V1,0,62,14.04113,-9.71561,6.09133,31,0
compatibility_threshold,2.6,V1,0,63,14.04113,-9.50444,6.31171,31,0
compatibility_threshold,2.6,V1,0,64,14.04113,-9.23797,6.85714,33,0
compatibility_threshold,2.6,V1,0,65,14.04113,-8.52531,7.894,33,0
compatibility_threshold,2.6,V1,0,66,14.04113,-8.19595,8.20665,35,0
compatibility_threshold,2.6,V1,0,67,14.04113,-8.04082,8.17997,36,0
compatibility_threshold,2.6,V1,0,68,14.04113,-7.47061,8.93826,35,0
compatibility_threshold,2.6,V1,0,69,14.04113,-6.41569,9.7506,35,0
compatibility_threshold,2.6,V1,0,70,14.04113,-6.64638,9.43953,34,0
compatibility_threshold,2.6,V1,0,71,14.04113,-6.19906,9.81436,34,0
compatibility_threshold,2.6,V1,0,72,14.04113,-5.99439,10.03026,35,0
compatibility_threshold,2.6,V1,0,73,14.04113,-5.15039,10.79844,35,0
compatibility_threshold,2.6,V1,0,74,14.04113,-5.64558,10.36515,34,0
compatibility_threshold,2.6,V1,0,75,14.04113,-5.55648,10.51913,37,0
compatibility_threshold,2.6,V1,0,76,14.28574,-5.53467,10.61569,35,0
compatibility_threshold,2.6,V1,0,77,14.28574,-4.92499,11.00383,34,0
compatibility_threshold,2.6,V1,0,78,14.28574,-4.79976,11.08066,33,0
compatibility_threshold,2.6,V1,0,79,14.28574,-4.75092,10.91559,31,0
compatibility_threshold,2.6,V1,0,80,14.28574,-4.23451,11.33235,29,0
compatibility_threshold,2.6,V1,0,81,14.28574,-3.48218,11.78877,28,0
compatibility_threshold,2.6,V1,0,82,14.28574,-3.19321,11.83381,31,0
compatibility_threshold,2.6,V1,0,83,14.28574,-3.77807,11.61098,29,0
compatibility_threshold,2.6,V1,0,84,14.28574,-2.99715,12.03882,29,0
compatibility_threshold,2.6,V1,0,85,14.28574,-3.17258,11.89654,29,0
compatibility_threshold,2.6,V1,0,86,14.28574,-2.51069,12.15216,31,0
compatibility_threshold,2.6,V1,0,87,14.28574,-3.15046,12.02663,29,0
compatibility_threshold,2.6,V1,0,88,14.28574,-2.94809,12.04582,28,0
compatibility_threshold,2.6,V1,0,89,14.28574,-3.28473,12.01731,29,0
compatibility_threshold,2.6,V1,0,90,14.28574,-2.76331,12.20752,25,0
compatibility_threshold,2.6,V1,0,91,14.28574,-2.52216,12.22152,26,0
compatibility_threshold,2.6,V1,0,92,14.28574,-2.04922,12.31728,28,0
compatibility_threshold,2.6,V1,0,93,14.28574,-1.73668,12.38819,30,0
compatibility_threshold,2.6,V1,0,94,43.94113,-0.6662,12.65691,25,1
compatibility_threshold,2.6,V1,1,0,0.31733,-14.58927,1.34851,51,0
compatibility_threshold,2.6,V1,1,1,0.31733,-13.61663,1.45105,51,0
compatibility_threshold,2.6,V1,1,2,2.83663,-13.23627,1.668,51,0
compatibility_threshold,2.6,V1,1,3,6.84113,-13.15809,1.883,51,0
compatibility_threshold,2.6,V1,1,4,6.84113,-12.98525,2.00779,51,0
compatibility_threshold,2.6,V1,1,5,6.84113,-12.85881,2.17342,51,0
compatibility_threshold,2.6,V1,1,6,6.84113,-12.80928,2.23626,52,0
compatibility_threshold,2.6,V1,1,7,6.84113,-12.67173,2.31127,53,0
compatibility_threshold,2.6,V1,1,8,6.84113,-12.57062,2.84606,53,0
compatibility_threshold,2.6,V1,1,9,6.84113,-12.41816,2.89155,53,0
compatibility_threshold,2.6,V1,1,10,6.84113,-12.41158,3.01213,53,0
compatibility_threshold,2.6,V1,1,11,6.84113,-12.18066,3.34224,53,0
compatibility_threshold,2.6,V1,1,12,7.60546,-11.86007,3.79847,53,0
compatibility_threshold,2.6,V1,1,13,7.60546,-11.70602,3.86758,53,0
compatibility_threshold,2.6,V1,1,14,7.60546,-11.471,4.06071,53,0
compatibility_threshold,2.6,V1,1,15,11.74309,-11.28974,4.38841,53,0
compatibility_threshold,2.6,V1,1,16,11.74309,-11.07796,4.76243,44,0
compatibility_threshold,2.6,V1,1,17,11.74309,-10.82618,4.98359,39,0
compatibility_threshold,2.6,V1,1,18,11.74309,-10.52368,4.99224,39,0
compatibility_threshold,2.6,V1,1,19,18.29848,-10.52977,4.99272,37,0
compatibility_threshold,2.6,V1,1,20,18.29848,-10.62111,5.1981,37,0
compatibility_threshold,2.6,V1,1,21,18.29848,-9.95677,5.58919,36,0
compatibility_threshold,2.6,V1,1,22,20.94113,-10.15321,5.67205,36,0
compatibility_threshold,2.6,V1,1,23,20.94113,-10.02625,5.75019,35,0
compatibility_threshold,2.6,V1,1,24,20.94113,-9.63318,6.10154,34,0
compatibility_threshold,2.6,V1,1,25,20.94113,-9.7022,5.94456,33,0
compatibility_threshold,2.6,V1,1,26,43.94113,-9.6292,6.33896,32,1
compatibility_threshold,2.6,V1,2,0,-6.80768,-14.67442,1.10739,53,0
compatibility_threshold,2.6,V1,2,1,5.34113,-13.8713,1.46923,53,0
compatibility_threshold,2.6,V1,2,2,5.34113,-13.62002,1.8653,53,0
compatibility_threshold,2.6,V1,2,3,17.64113,-13.41934,2.41378,55,0
compatibility_threshold,2.6,V1,2,4,17.64113,-13.33195,2.35691,55,0
compatibility_threshold,2.6,V1,2,5,17.64113,-12.80596,3.56943,55,0
compatibility_threshold,2.6,V1,2,6,17.64113,-13.03969,3.06834,55,0
compatibility_threshold,2.6,V1,2,7,17.64113,-12.87488,3.33868,55,0
compatibility_threshold,2.6,V1,2,8,17.64113,-12.75718,3.5802,55,0
compatibility_threshold,2.6,V1,2,9,17.64113,-12.7638,3.47088,56,0
compatibility_threshold,2.6,V1,2,10,17.64113,-12.50152,3.92149,56,0
compatibility_threshold,2.6,V1,2,11,17.64113,-12.12018,4.47036,56,0
compatibility_threshold,2.6,V1,2,12,17.64113,-11.92771,4.63801,56,0
compatibility_threshold,2.6,V1,2,13,17.84113,-11.53274,5.35,56,0
compatibility_threshold,2.6,V1,2,14,17.84113,-11.22668,5.74998,56,0
compatibility_threshold,2.6,V1,2,15,17.84113,-10.99222,6.08816,56,0
compatibility_threshold,2.6,V1,2,16,17.84113,-10.27073,6.72333,55,0
compatibility_threshold,2.6,V1,2,17,17.84113,-10.53924,6.60533,52,0
compatibility_threshold,2.6,V1,2,18,17.84113,-9.88328,7.14096,51,0
compatibility_threshold,2.6,V1,2,19,19.84113,-9.67072,7.52987,47,0
compatibility_threshold,2.6,V1,2,20,19.84113,-9.54881,7.59607,47,0
compatibility_threshold,2.6,V1,2,21,19.84113,-9.42312,7.82151,44,0
compatibility_threshold,2.6,V1,2,22,19.84113,-9.25011,7.99817,44,0
compatibility_threshold,2.6,V1,2,23,19.84113,-8.926,8.16042,42,0
compatibility_threshold,2.6,V1,2,24,19.84113,-9.1663,8.1756,39,0
compatibility_threshold,2.6,V1,2,25,19.84113,-8.15447,9.04428,38,0
compatibility_threshold,2.6,V1,2,26,19.84113,-8.73894,8.46015,36,0
compatibility_threshold,2.6,V1,2,27,19.84113,-7.82959,9.37868,36,0
compatibility_threshold,2.6,V1,2,28,43.94113,-8.36234,9.17889,35,1
compatibility_threshold,2.6,V1,3,0,-0.3744,-14.44937,2.43218,49,0
compatibility_threshold,2.6,V1,3,1,4.88563,-12.16019,3.33654,49,0
compatibility_threshold,2.6,V1,3,2,5.48563,-11.09741,3.46555,49,0
compatibility_threshold,2.6,V1,3,3,13.24113,-10.85403,3.59304,49,0
compatibility_threshold,2.6,V1,3,4,13.24113,-10.43128,3.81422,49,0
compatibility_threshold,2.6,V1,3,5,14.17887,-10.25719,4.28274,49,0
compatibility_threshold,2.6,V1,3,6,14.17887,-9.83044,4.8595,50,0
compatibility_threshold,2.6,V1,3,7,14.17887,-9.31531,5.38883,50,0
compatibility_threshold,2.6,V1,3,8,19.03557,-9.39794,5.52042,50,0
compatibility_threshold,2.6,V1,3,9,43.94113,-9.27332,5.80807,50,1
compatibility_threshold,2.6,V1,4,0,-8.11793,-14.76882,1.05904,45,0
compatibility_threshold,2.6,V1,4,1,4.5623,-13.77242,1.48317,45,0
compatibility_threshold,2.6,V1,4,2,4.5623,-13.4627,1.5419,45,0
compatibility_threshold,2.6,V1,4,3,4.5623,-13.22031,1.64166,45,0
compatibility_threshold,2.6,V1,4,4,5.38478,-13.05416,1.97478,45,0
compatibility_threshold,2.6,V1,4,5,5.38478,-12.91426,2.15225,45,0
compatibility_threshold,2.6,V1,4,6,5.38478,-12.87139,2.28255,47,0
compatibility_threshold,2.6,V1,4,7,5.38478,-12.79891,2.58759,48,0
compatibility_threshold,2.6,V1,4,8,6.17506,-12.08163,3.24409,48,0
compatibility_threshold,2.6,V1,4,9,6.17506,-11.8696,3.84128,48,0
compatibility_threshold,2.6,V1,4,10,9.94113,-11.76409,4.05516,49,0
compatibility_threshold,2.6,V1,4,11,10.04113,-11.62519,4.13484,49,0
compatibility_threshold,2.6,V1,4,12,10.04113,-11.61428,4.35892,49,0
compatibility_threshold,2.6,V1,4,13,10.04113,-11.24887,4.81791,50,0
compatibility_threshold,2.6,V1,4,14,10.04113,-10.95099,5.1825,50,0
compatibility_threshold,2.6,V1,4,15,10.04113,-10.96946,5.20845,50,0
compatibility_threshold,2.6,V1,4,16,10.04113,-10.62758,5.4931,49,0
compatibility_threshold,2.6,V1,4,17,10.04113,-10.53654,5.72748,46,0
compatibility_threshold,2.6,V1,4,18,10.44113,-10.19076,6.18341,47,0
compatibility_threshold,2.6,V1,4,19,10.44113,-9.86351,6.50453,46,0
compatibility_threshold,2.6,V1,4,20,16.51017,-9.64287,6.53312,45,0
compatibility_threshold,2.6,V1,4,21,16.51017,-9.27862,7.03553,45,0
compatibility_threshold,2.6,V1,4,22,17.64113,-9.24055,7.17398,45,0
compatibility_threshold,2.6,V1,4,23,17.64113,-9.34928,7.06722,44,0
compatibility_threshold,2.6,V1,4,24,17.64113,-9.18876,7.21867,40,0
compatibility_threshold,2.6,V1,4,25,17.64113,-9.26931,7.07213,40,0
compatibility_threshold,2.6,V1,4,26,17.64113,-9.06573,7.37342,39,0
compatibility_threshold,2.6,V1,4,27,17.64113,-8.97882,7.46252,37,0
compatibility_threshold,2.6,V1,4,28,17.64113,-8.72193,7.59526,37,0
compatibility_threshold,2.6,V1,4,29,17.64113,-8.50824,7.80917,37,0
compatibility_threshold,2.6,V1,4,30,17.64113,-8.44527,7.65174,33,0
compatibility_threshold,2.6,V1,4,31,17.64113,-8.68206,7.54149,32,0
compatibility_threshold,2.6,V1,4,32,20.94113,-8.57203,7.6896,30,0
compatibility_threshold,2.6,V1,4,33,20.94113,-8.52028,7.73988,30,0
compatibility_threshold,2.6,V1,4,34,20.94113,-8.55279,7.88614,27,0
compatibility_threshold,2.6,V1,4,35,20.94113,-8.4966,7.69484,22,0
compatibility_threshold,2.6,V1,4,36,20.94113,-8.81761,7.57163,22,0
compatibility_threshold,2.6,V1,4,37,20.94113,-9.09027,7.32556,20,0
compatibility_threshold,2.6,V1,4,38,20.94113,-8.91305,7.51536,18,0
compatibility_threshold,2.6,V1,4,39,20.94113,-9.15681,7.49489,15,0
compatibility_threshold,2.6,V1,4,40,20.94113,-9.19204,7.27025,16,0
compatibility_threshold,2.6,V1,4,41,20.94113,-9.14718,7.21064,13,0
compatibility_threshold,2.6,V1,4,42,20.94113,-9.3955,7.07843,12,0
compatibility_threshold,2.6,V1,4,43,20.94113,-9.36149,6.83067,12,0
compatibility_threshold,2.6,V1,4,44,20.94113,-9.26644,6.80565,11,0
compatibility_threshold,2.6,V1,4,45,20.94113,-9.3047,6.78886,11,0
compatibility_threshold,2.6,V1,4,46,20.94113,-9.09566,6.99104,13,0
compatibility_threshold,2.6,V1,4,47,20.94113,-8.93341,6.94056,16,0
compatibility_threshold,2.6,V1,4,48,20.94113,-8.20022,7.33511,16,0
compatibility_threshold,2.6,V1,4,49,20.94113,-8.1234,7.47364,18,0
compatibility_threshold,2.6,V1,4,50,20.94113,-8.09321,7.7728,19,0
compatibility_threshold,2.6,V1,4,51,20.94113,-7.60051,8.01369,19,0
compatibility_threshold,2.6,V1,4,52,20.94113,-8.12247,7.72228,20,0
compatibility_threshold,2.6,V1,4,53,20.94113,-7.90928,7.86715,20,0
compatibility_threshold,2.6,V1,4,54,20.94113,-7.53908,8.13765,21,0
compatibility_threshold,2.6,V1,4,55,20.94113,-7.01177,8.24309,22,0
compatibility_threshold,2.6,V1,4,56,20.94113,-7.09289,8.1996,25,0
compatibility_threshold,2.6,V1,4,57,20.94113,-7.0761,8.21918,28,0
compatibility_threshold,2.6,V1,4,58,20.94113,-6.83828,8.31085,29,0
compatibility_threshold,2.6,V1,4,59,20.94113,-6.66318,8.38023,30,0
compatibility_threshold,2.6,V1,4,60,10.14113,-6.13489,8.31092,29,0
compatibility_threshold,2.6,V1,4,61,10.14113,-6.49297,8.28101,30,0
compatibility_threshold,2.6,V1,4,62,10.14113,-6.17434,8.39254,35,0
compatibility_threshold,2.6,V1,4,63,10.14113,-6.15307,8.41813,35,0
compatibility_threshold,2.6,V1,4,64,9.94113,-5.67155,8.52153,34,0
compatibility_threshold,2.6,V1,4,65,9.94113,-6.3825,8.53108,34,0
compatibility_threshold,2.6,V1,4,66,9.94113,-6.30412,8.50556,35,0
compatibility_threshold,2.6,V1,4,67,9.94113,-6.40128,8.40064,36,0
compatibility_threshold,2.6,V1,4,68,9.94113,-5.68507,8.58531,38,0
compatibility_threshold,2.6,V1,4,69,9.94113,-6.14193,8.66004,39,0
compatibility_threshold,2.6,V1,4,70,9.94113,-5.31067,8.64013,42,0
compatibility_threshold,2.6,V1,4,71,9.94113,-5.29149,8.67113,44,0
compatibility_threshold,2.6,V1,4,72,9.94113,-5.76303,8.67679,40,0
compatibility_threshold,2.6,V1,4,73,9.94113,-6.11408,8.41082,36,0
compatibility_threshold,2.6,V1,4,74,9.94113,-5.57227,8.53766,34,0
compatibility_threshold,2.6,V1,4,75,9.94113,-5.53966,8.63569,35,0
compatibility_threshold,2.6,V1,4,76,9.94113,-5.76991,8.64869,39,0
compatibility_threshold,2.6,V1,4,77,9.94113,-5.0571,8.79213,36,0
compatibility_threshold,2.6,V1,4,78,9.94113,-4.77338,8.62425,33,0
compatibility_threshold,2.6,V1,4,79,9.94113,-4.66951,8.75828,31,0
compatibility_threshold,2.6,V1,4,80,9.94113,-4.62093,8.81588,32,0
compatibility_threshold,2.6,V1,4,81,9.94113,-5.07445,8.78204,31,0
compatibility_threshold,2.6,V1,4,82,9.94113,-4.72908,8.85245,30,0
compatibility_threshold,2.6,V1,4,83,9.94113,-5.07981,8.86391,28,0
compatibility_threshold,2.6,V1,4,84,9.94113,-5.20596,8.90143,28,0
compatibility_threshold,2.6,V1,4,85,9.94113,-4.65039,8.97554,29,0
compatibility_threshold,2.6,V1,4,86,9.94113,-5.004,8.97494,30,0
compatibility_threshold,2.6,V1,4,87,9.94113,-4.86063,8.79912,30,0
compatibility_threshold,2.6,V1,4,88,9.94113,-4.80375,8.88454,31,0
compatibility_threshold,2.6,V1,4,89,9.94113,-4.28809,8.90329,32,0
compatibility_threshold,2.6,V1,4,90,9.94113,-4.41304,8.83703,30,0
compatibility_threshold,2.6,V1,4,91,9.94113,-5.20535,8.93909,33,0
compatibility_threshold,2.6,V1,4,92,6.71892,-4.6726,8.75027,33,0
compatibility_threshold,2.6,V1,4,93,6.71892,-4.03054,8.64885,31,0
compatibility_threshold,2.6,V1,4,94,9.87922,-5.3005,8.6483,30,0
compatibility_threshold,2.6,V1,4,95,9.87922,-4.72474,8.72017,29,0
compatibility_threshold,2.6,V1,4,96,9.87922,-4.5884,8.68997,28,0
compatibility_threshold,2.6,V1,4,97,9.87922,-4.66411,8.76937,27,0
compatibility_threshold,2.6,V1,4,98,9.87922,-4.55171,8.74137,29,0
compatibility_threshold,2.6,V1,4,99,6.17506,-4.82226,8.78732,31,0
compatibility_threshold,2.6,V1,5,0,7.74113,-15.01455,1.46829,54,0
compatibility_threshold,2.6,V1,5,1,7.74113,-13.92459,2.23567,54,0
compatibility_threshold,2.6,V1,5,2,11.94309,-13.00731,3.24485,54,0
compatibility_threshold,2.6,V1,5,3,11.94309,-12.56616,3.70269,54,0
compatibility_threshold,2.6,V1,5,4,11.94309,-12.1071,4.1796,54,0
compatibility_threshold,2.6,V1,5,5,11.94309,-11.79163,4.50652,54,0
compatibility_threshold,2.6,V1,5,6,11.94309,-11.33432,4.94059,54,0
compatibility_threshold,2.6,V1,5,7,15.44113,-10.81307,5.54266,54,0
compatibility_threshold,2.6,V1,5,8,15.44113,-10.55344,5.92967,54,0
compatibility_threshold,2.6,V1,5,9,15.44113,-10.22403,6.34503,54,0
compatibility_threshold,2.6,V1,5,10,15.44113,-9.80583,6.87385,54,0
compatibility_threshold,2.6,V1,5,11,15.44113,-9.48819,7.11562,54,0
compatibility_threshold,2.6,V1,5,12,15.44113,-9.15812,7.22755,54,0
compatibility_threshold,2.6,V1,5,13,15.44113,-9.06676,7.42627,54,0
compatibility_threshold,2.6,V1,5,14,15.44113,-8.65483,7.56596,54,0
compatibility_threshold,2.6,V1,5,15,15.44113,-8.50543,7.82095,54,0
compatibility_threshold,2.6,V1,5,16,15.44113,-8.37441,7.90321,44,0
compatibility_threshold,2.6,V1,5,17,15.44113,-8.10911,8.15529,43,0
compatibility_threshold,2.6,V1,5,18,15.44113,-8.00121,8.20188,44,0
compatibility_threshold,2.6,V1,5,19,15.44113,-7.88877,8.25441,44,0
compatibility_threshold,2.6,V1,5,20,15.44113,-7.34708,8.53407,42,0
compatibility_threshold,2.6,V1,5,21,43.94113,-7.45602,8.84928,42,1
compatibility_threshold,2.6,V1,6,0,1.67316,-13.81401,2.8243,49,0
compatibility_threshold,2.6,V1,6,1,7.7875,-11.21637,3.66068,49,0
compatibility_threshold,2.6,V1,6,2,7.7875,-10.39529,3.82653,49,0
compatibility_threshold,2.6,V1,6,3,9.45808,-9.90801,3.86656,54,0
compatibility_threshold,2.6,V1,6,4,15.838,-9.70095,4.00799,54,0
compatibility_threshold,2.6,V1,6,5,15.838,-9.40247,4.21743,54,0
compatibility_threshold,2.6,V1,6,6,15.838,-9.10515,4.50379,54,0
compatibility_threshold,2.6,V1,6,7,15.838,-9.12156,4.82863,54,0
compatibility_threshold,2.6,V1,6,8,19.03557,-8.83479,4.88931,54,0
compatibility_threshold,2.6,V1,6,9,19.03557,-8.57063,5.26485,55,0
compatibility_threshold,2.6,V1,6,10,19.03557,-8.36497,5.42004,56,0
compatibility_threshold,2.6,V1,6,11,19.03557,-8.1822,5.88512,56,0
compatibility_threshold,2.6,V1,6,12,19.03557,-8.18809,5.84684,57,0
compatibility_threshold,2.6,V1,6,13,19.03557,-7.93563,6.17915,57,0
compatibility_threshold,2.6,V1,6,14,19.03557,-7.8464,6.17132,57,0
compatibility_threshold,2.6,V1,6,15,19.53557,-7.96113,6.55804,57,0
compatibility_threshold,2.6,V1,6,16,19.53557,-7.83967,7.01154,52,0
compatibility_threshold,2.6,V1,6,17,19.53557,-7.59915,7.17644,48,0
compatibility_threshold,2.6,V1,6,18,19.53557,-7.67159,7.3452,47,0
compatibility_threshold,2.6,V1,6,19,19.53557,-7.25565,7.42489,46,0
compatibility_threshold,2.6,V1,6,20,19.53557,-7.41035,7.42294,44,0
compatibility_threshold,2.6,V1,6,21,19.53557,-7.27742,7.6365,42,0
compatibility_threshold,2.6,V1,6,22,19.53557,-7.38067,7.76796,39,0
compatibility_threshold,2.6,V1,6,23,19.53557,-7.31436,7.41779,37,0
compatibility_threshold,2.6,V1,6,24,19.53557,-6.99631,7.48963,34,0
compatibility_threshold,2.6,V1,6,25,19.53557,-7.16177,7.35708,32,0
compatibility_threshold,2.6,V1,6,26,19.53557,-7.03746,7.46558,33,0
compatibility_threshold,2.6,V1,6,27,19.53557,-6.71483,7.91548,34,0
compatibility_threshold,2.6,V1,6,28,19.53557,-6.89089,7.91052,32,0
compatibility_threshold,2.6,V1,6,29,19.53557,-6.70797,8.11105,31,0
compatibility_threshold,2.6,V1,6,30,19.53557,-6.30073,8.14247,30,0
compatibility_threshold,2.6,V1,6,31,19.03557,-7.06359,7.23191,27,0
compatibility_threshold,2.6,V1,6,32,19.03557,-7.18738,7.25818,27,0
compatibility_threshold,2.6,V1,6,33,19.03557,-6.92564,7.09476,24,0
compatibility_threshold,2.6,V1,6,34,19.03557,-7.0418,7.24171,25,0
compatibility_threshold,2.6,V1,6,35,19.03557,-7.30183,6.84449,23,0
compatibility_threshold,2.6,V1,6,36,19.03557,-7.05571,7.38669,24,0
compatibility_threshold,2.6,V1,6,37,19.03557,-6.93351,7.32947,23,0
compatibility_threshold,2.6,V1,6,38,19.03557,-6.65089,7.17605,23,0
compatibility_threshold,2.6,V1,6,39,19.03557,-7.02361,7.22697,24,0
compatibility_threshold,2.6,V1,6,40,19.03557,-7.17808,7.1753,23,0
compatibility_threshold,2.6,V1,6,41,19.03557,-7.18454,7.48703,27,0
compatibility_threshold,2.6,V1,6,42,19.03557,-6.93624,7.65366,29,0
compatibility_threshold,2.6,V1,6,43,19.03557,-6.65825,7.7001,28,0
compatibility_threshold,2.6,V1,6,44,19.03557,-6.36998,7.48617,26,0
compatibility_threshold,2.6,V1,6,45,19.03557,-6.26084,7.43782,24,0
compatibility_threshold,2.6,V1,6,46,19.53557,-6.01291,7.78209,25,0
compatibility_threshold,2.6,V1,6,47,19.53557,-5.89247,7.77929,24,0
compatibility_threshold,2.6,V1,6,48,19.53557,-6.32334,8.03613,23,0
compatibility_threshold,2.6,V1,6,49,19.53557,-6.35089,7.88928,24,0
compatibility_threshold,2.6,V1,6,50,19.53557,-5.74036,8.05599,24,0
compatibility_threshold,2.6,V1,6,51,19.53557,-6.08975,8.16641,24,0
compatibility_threshold,2.6,V1,6,52,43.94113,-5.75618,8.51634,25,1
compatibility_threshold,2.6,V1,7,0,-9.28422,-15.05477,1.11755,56,0
compatibility_threshold,2.6,V1,7,1,-2.4537,-13.98384,1.77631,56,0
compatibility_threshold,2.6,V1,7,2,-2.4537,-13.32389,2.14207,56,0
compatibility_threshold,2.6,V1,7,3,-2.0537,-13.06196,2.54225,56,0
compatibility_threshold,2.6,V1,7,4,-1.89059,-12.78837,3.02999,57,0
compatibility_threshold,2.6,V1,7,5,-1.89059,-12.57195,3.11789,57,0
compatibility_threshold,2.6,V1,7,6,11.01098,-12.19245,3.62423,57,0
compatibility_threshold,2.6,V1,7,7,11.01098,-11.99623,3.87359,57,0
compatibility_threshold,2.6,V1,7,8,11.01098,-11.77888,4.20206,57,0
compatibility_threshold,2.6,V1,7,9,11.01098,-11.66716,4.32807,57,0
compatibility_threshold,2.6,V1,7,10,11.01098,-11.50003,4.48804,57,0
compatibility_threshold,2.6,V1,7,11,11.01098,-11.2434,4.68166,57,0
compatibility_threshold,2.6,V1,7,12,15.44113,-11.05146,5.00483,57,0
compatibility_threshold,2.6,V1,7,13,15.44113,-11.10983,5.13736,57,0
compatibility_threshold,2.6,V1,7,14,19.84113,-10.42858,5.53184,57,0
compatibility_threshold,2.6,V1,7,15,19.84113,-10.62864,5.57034,57,0
compatibility_threshold,2.6,V1,7,16,19.84113,-10.50888,5.80668,52,0
compatibility_threshold,2.6,V1,7,17,19.84113,-10.23675,5.67187,46,0
compatibility_threshold,2.6,V1,7,18,19.84113,-9.8671,6.11617,44,0
compatibility_threshold,2.6,V1,7,19,19.84113,-9.77975,6.10815,40,0
compatibility_threshold,2.6,V1,7,20,19.84113,-9.88334,5.97698,39,0
compatibility_threshold,2.6,V1,7,21,19.84113,-9.91478,5.89314,38,0
compatibility_threshold,2.6,V1,7,22,19.84113,-9.90076,5.96541,35,0
compatibility_threshold,2.6,V1,7,23,19.84113,-9.18757,6.22341,33,0
compatibility_threshold,2.6,V1,7,24,19.84113,-9.40121,6.36969,31,0
compatibility_threshold,2.6,V1,7,25,19.84113,-9.08177,6.54379,31,0
compatibility_threshold,2.6,V1,7,26,19.84113,-9.21629,6.59221,30,0
compatibility_threshold,2.6,V1,7,27,19.84113,-9.57456,6.49277,30,0
compatibility_threshold,2.6,V1,7,28,19.84113,-9.21624,6.6249,27,0
compatibility_threshold,2.6,V1,7,29,19.84113,-9.12136,6.80906,27,0
compatibility_threshold,2.6,V1,7,30,19.84113,-9.75007,6.46255,25,0
compatibility_threshold,2.6,V1,7,31,19.84113,-10.26826,5.99429,23,0
compatibility_threshold,2.6,V1,7,32,19.84113,-9.78601,6.08426,23,0
compatibility_threshold,2.6,V1,7,33,19.84113,-9.63209,5.99186,23,0
compatibility_threshold,2.6,V1,7,34,19.84113,-9.03232,6.32172,23,0
compatibility_threshold,2.6,V1,7,35,19.84113,-9.08408,6.43841,24,0
compatibility_threshold,2.6,V1,7,36,19.84113,-8.8039,6.5369,23,0
compatibility_threshold,2.6,V1,7,37,19.84113,-8.69093,6.57952,23,0
compatibility_threshold,2.6,V1,7,38,19.84113,-8.9709,6.74834,23,0
compatibility_threshold,2.6,V1,7,39,19.84113,-8.58208,7.13226,24,0
compatibility_threshold,2.6,V1,7,40,19.84113,-8.27236,7.27629,25,0
compatibility_threshold,2.6,V1,7,41,19.84113,-7.79285,7.30456,21,0
compatibility_threshold,2.6,V1,7,42,19.84113,-7.74808,7.19284,23,0
compatibility_threshold,2.6,V1,7,43,19.84113,-8.09916,7.19764,24,0
compatibility_threshold,2.6,V1,7,44,19.84113,-7.93675,7.17215,24,0
compatibility_threshold,2.6,V1,7,45,19.84113,-8.13271,7.01205,26,0
compatibility_threshold,2.6,V1,7,46,19.84113,-8.06726,7.09059,28,0
compatibility_threshold,2.6,V1,7,47,19.84113,-7.63103,7.02937,27,0
compatibility_threshold,2.6,V1,7,48,19.84113,-7.37441,7.32515,26,0
compatibility_threshold,2.6,V1,7,49,19.84113,-7.04658,7.17406,22,0
compatibility_threshold,2.6,V1,7,50,19.84113,-7.21101,7.37101,22,0
compatibility_threshold,2.6,V1,7,51,19.84113,-7.6355,7.08005,22,0
compatibility_threshold,2.6,V1,7,52,19.84113,-7.02404,7.18212,24,0
compatibility_threshold,2.6,V1,7,53,19.84113,-7.88569,6.79055,26,0
compatibility_threshold,2.6,V1,7,54,19.84113,-7.41761,6.83012,25,0
compatibility_threshold,2.6,V1,7,55,19.84113,-7.19266,6.76056,24,0
compatibility_threshold,2.6,V1,7,56,20.24113,-7.29833,6.64545,23,0
compatibility_threshold,2.6,V1,7,57,20.24113,-7.72946,6.59286,24,0
compatibility_threshold,2.6,V1,7,58,20.24113,-7.41582,6.46492,24,0
compatibility_threshold,2.6,V1,7,59,20.24113,-7.32206,6.74126,24,0
compatibility_threshold,2.6,V1,7,60,20.24113,-7.42255,6.68161,26,0
compatibility_threshold,2.6,V1,7,61,20.24113,-7.4216,6.80175,26,0
compatibility_threshold,2.6,V1,7,62,20.24113,-7.68935,6.97626,27,0
compatibility_threshold,2.6,V1,7,63,20.24113,-7.30263,6.82079,30,0
compatibility_threshold,2.6,V1,7,64,20.24113,-7.58426,6.74492,32,0
compatibility_threshold,2.6,V1,7,65,20.24113,-7.33803,6.61967,33,0
compatibility_threshold,2.6,V1,7,66,20.24113,-7.24786,6.61678,35,0
compatibility_threshold,2.6,V1,7,67,20.24113,-7.28475,6.74216,36,0
compatibility_threshold,2.6,V1,7,68,20.24113,-7.2712,6.86229,35,0
compatibility_threshold,2.6,V1,7,69,20.24113,-6.95743,6.8659,35,0
compatibility_threshold,2.6,V1,7,70,20.24113,-6.50455,7.10699,34,0
compatibility_threshold,2.6,V1,7,71,20.24113,-6.73575,7.12584,34,0
compatibility_threshold,2.6,V1,7,72,19.84113,-6.97949,7.15088,32,0
compatibility_threshold,2.6,V1,7,73,19.84113,-6.5982,7.23116,31,0
compatibility_threshold,2.6,V1,7,74,19.84113,-6.91201,7.42054,28,0
compatibility_threshold,2.6,V1,7,75,19.84113,-6.4951,7.36336,28,0
compatibility_threshold,2.6,V1,7,76,19.84113,-6.5589,7.33104,26,0
compatibility_threshold,2.6,V1,7,77,19.84113,-7.07744,7.34098,27,0
compatibility_threshold,2.6,V1,7,78,19.84113,-6.80245,7.1589,25,0
compatibility_threshold,2.6,V1,7,79,19.84113,-7.34983,7.09227,25,0
compatibility_threshold,2.6,V1,7,80,19.84113,-6.86077,7.26322,26,0
compatibility_threshold,2.6,V1,7,81,19.84113,-6.72343,7.23065,28,0
compatibility_threshold,2.6,V1,7,82,19.84113,-6.55804,7.20495,26,0
compatibility_threshold,2.6,V1,7,83,19.84113,-6.47513,7.36838,25,0
compatibility_threshold,2.6,V1,7,84,19.84113,-6.64359,7.30883,27,0
compatibility_threshold,2.6,V1,7,85,19.84113,-6.77108,7.22569,27,0
compatibility_threshold,2.6,V1,7,86,19.84113,-7.05289,7.15401,26,0
compatibility_threshold,2.6,V1,7,87,19.84113,-7.05596,6.76746,23,0
compatibility_threshold,2.6,V1,7,88,19.84113,-6.86062,6.80679,23,0
compatibility_threshold,2.6,V1,7,89,43.94113,-6.63066,7.0307,23,1
compatibility_threshold,2.6,V1,8,0,-4.14206,-14.58685,2.17398,48,0
compatibility_threshold,2.6,V1,8,1,-4.14206,-12.60405,2.91606,48,0
compatibility_threshold,2.6,V1,8,2,-1.36248,-11.81142,2.90869,48,0
compatibility_threshold,2.6,V1,8,3,-1.36248,-11.54283,3.04353,49,0
compatibility_threshold,2.6,V1,8,4,0.61738,-11.59845,3.16324,49,0
compatibility_threshold,2.6,V1,8,5,8.84113,-11.34412,3.45125,49,0
compatibility_threshold,2.6,V1,8,6,8.84113,-10.97247,4.11708,50,0
compatibility_threshold,2.6,V1,8,7,9.79953,-10.82743,4.41419,52,0
compatibility_threshold,2.6,V1,8,8,17.05596,-10.66846,4.77242,53,0
compatibility_threshold,2.6,V1,8,9,17.05596,-10.1823,5.05068,53,0
compatibility_threshold,2.6,V1,8,10,17.05596,-10.30933,5.39983,54,0
compatibility_threshold,2.6,V1,8,11,17.05596,-10.19213,5.7121,54,0
compatibility_threshold,2.6,V1,8,12,17.05596,-9.98715,6.2056,54,0
compatibility_threshold,2.6,V1,8,13,17.05596,-9.76128,6.49794,54,0
compatibility_threshold,2.6,V1,8,14,17.05596,-8.88289,7.19918,54,0
compatibility_threshold,2.6,V1,8,15,17.05596,-8.25366,7.86016,55,0
compatibility_threshold,2.6,V1,8,16,17.05596,-8.11123,8.40709,51,0
compatibility_threshold,2.6,V1,8,17,17.05596,-7.3096,8.68173,49,0
compatibility_threshold,2.6,V1,8,18,17.05596,-7.44892,8.63461,48,0
compatibility_threshold,2.6,V1,8,19,19.57885,-6.41198,9.3177,46,0
compatibility_threshold,2.6,V1,8,20,19.57885,-6.29821,9.46349,46,0
compatibility_threshold,2.6,V1,8,21,19.57885,-6.64749,9.34984,47,0
compatibility_threshold,2.6,V1,8,22,19.57885,-5.45789,9.7162,45,0
compatibility_threshold,2.6,V1,8,23,19.57885,-5.50366,9.99262,42,0
compatibility_threshold,2.6,V1,8,24,19.57885,-4.48002,10.38565,41,0
compatibility_threshold,2.6,V1,8,25,19.57885,-4.69914,10.30583,43,0
compatibility_threshold,2.6,V1,8,26,19.57885,-4.8827,10.46709,43,0
compatibility_threshold,2.6,V1,8,27,19.57885,-3.96657,10.60564,43,0
compatibility_threshold,2.6,V1,8,28,19.57885,-4.43421,10.40371,40,0
compatibility_threshold,2.6,V1,8,29,19.57885,-4.07561,10.42836,40,0
compatibility_threshold,2.6,V1,8,30,19.57885,-3.26815,10.82502,37,0
compatibility_threshold,2.6,V1,8,31,19.57885,-3.22803,10.80934,40,0
compatibility_threshold,2.6,V1,8,32,19.57885,-3.15327,10.97927,39,0
compatibility_threshold,2.6,V1,8,33,19.57885,-2.98811,10.94943,38,0
compatibility_threshold,2.6,V1,8,34,19.57885,-3.55986,10.99719,38,0
compatibility_threshold,2.6,V1,8,35,19.57885,-2.97781,10.85643,39,0
compatibility_threshold,2.6,V1,8,36,19.57885,-2.14179,10.99583,38,0
compatibility_threshold,2.6,V1,8,37,19.57885,-3.50513,10.87715,38,0
compatibility_threshold,2.6,V1,8,38,19.57885,-2.77458,11.21546,39,0
compatibility_threshold,2.6,V1,8,39,19.57885,-2.46671,11.1947,40,0
compatibility_threshold,2.6,V1,8,40,19.57885,-1.5375,10.95402,39,0
compatibility_threshold,2.6,V1,8,41,19.57885,-1.93299,11.04394,38,0
compatibility_threshold,2.6,V1,8,42,19.57885,-1.72287,11.0875,38,0
compatibility_threshold,2.6,V1,8,43,19.57885,-1.36107,11.06912,38,0
compatibility_threshold,2.6,V1,8,44,19.57885,-1.70166,11.07847,37,0
compatibility_threshold,2.6,V1,8,45,19.57885,-1.81723,11.22114,36,0
compatibility_threshold,2.6,V1,8,46,19.57885,-1.20749,11.06208,37,0
compatibility_threshold,2.6,V1,8,47,19.57885,-1.19263,11.0266,38,0
compatibility_threshold,2.6,V1,8,48,19.57885,-1.06164,10.97189,37,0
compatibility_threshold,2.6,V1,8,49,19.57885,-0.99139,11.03571,37,0
compatibility_threshold,2.6,V1,8,50,19.57885,-1.18013,11.03005,36,0
compatibility_threshold,2.6,V1,8,51,19.57885,-1.26836,10.95054,34,0
compatibility_threshold,2.6,V1,8,52,19.57885,-2.36953,11.03744,35,0
compatibility_threshold,2.6,V1,8,53,19.57885,-1.15675,10.91571,35,0
compatibility_threshold,2.6,V1,8,54,19.57885,-2.09332,11.02902,36,0
compatibility_threshold,2.6,V1,8,55,19.57885,-1.67884,11.05696,38,0
compatibility_threshold,2.6,V1,8,56,9.24113,-0.88549,10.82906,38,0
compatibility_threshold,2.6,V1,8,57,9.24113,-1.0482,10.80579,40,0
compatibility_threshold,2.6,V1,8,58,9.24113,-1.58396,10.94433,42,0
compatibility_threshold,2.6,V1,8,59,9.04113,-0.67519,10.819,39,0
compatibility_threshold,2.6,V1,8,60,9.04113,-1.10283,11.02293,38,0
compatibility_threshold,2.6,V1,8,61,9.04113,-0.21873,10.77908,35,0
compatibility_threshold,2.6,V1,8,62,14.34113,-0.60608,10.864,40,0
compatibility_threshold,2.6,V1,8,63,14.34113,-0.89247,11.04428,44,0
compatibility_threshold,2.6,V1,8,64,14.34113,-0.19531,10.78008,48,0
compatibility_threshold,2.6,V1,8,65,14.34113,-0.39942,10.90068,50,0
compatibility_threshold,2.6,V1,8,66,14.34113,-0.34826,10.94913,48,0
compatibility_threshold,2.6,V1,8,67,14.34113,-0.47961,10.91743,48,0
compatibility_threshold,2.6,V1,8,68,14.34113,-0.11683,10.98958,46,0
compatibility_threshold,2.6,V1,8,69,14.34113,-1.2701,11.15348,48,0
compatibility_threshold,2.6,V1,8,70,14.34113,-0.83306,11.05552,48,0
compatibility_threshold,2.6,V1,8,71,21.44113,-1.00163,11.10721,47,0
compatibility_threshold,2.6,V1,8,72,21.44113,-0.01134,10.90831,49,0
compatibility_threshold,2.6,V1,8,73,21.44113,-0.64371,11.08502,46,0
compatibility_threshold,2.6,V1,8,74,21.54113,-0.64961,11.10973,45,0
compatibility_threshold,2.6,V1,8,75,21.64113,-0.88183,11.11522,42,0
compatibility_threshold,2.6,V1,8,76,21.64113,-0.57111,11.08225,40,0
compatibility_threshold,2.6,V1,8,77,21.64113,0.20434,11.08094,41,0
compatibility_threshold,2.6,V1,8,78,21.64113,-0.20395,11.11699,38,0
compatibility_threshold,2.6,V1,8,79,21.64113,-0.84432,11.39399,37,0
compatibility_threshold,2.6,V1,8,80,21.64113,-0.71119,11.38641,36,0
compatibility_threshold,2.6,V1,8,81,21.64113,-0.0721,11.00052,34,0
compatibility_threshold,2.6,V1,8,82,21.64113,-0.86921,11.21902,33,0
compatibility_threshold,2.6,V1,8,83,21.64113,-1.06146,11.14499,35,0
compatibility_threshold,2.6,V1,8,84,21.64113,-0.84757,11.17068,34,0
compatibility_threshold,2.6,V1,8,85,21.64113,-0.5157,11.26517,31,0
compatibility_threshold,2.6,V1,8,86,43.94113,-0.27003,11.4182,33,1
compatibility_threshold,2.6,V1,9,0,-5.23875,-13.92328,2.73609,58,0
compatibility_threshold,2.6,V1,9,1,-2.21955,-11.32711,3.64718,58,0
compatibility_threshold,2.6,V1,9,2,6.99899,-10.06361,3.74958,58,0
compatibility_threshold,2.6,V1,9,3,6.99899,-9.80911,3.82694,58,0
compatibility_threshold,2.6,V1,9,4,12.14113,-9.59481,3.99808,58,0
compatibility_threshold,2.6,V1,9,5,43.94113,-9.88142,4.57575,58,1
compatibility_threshold,3.2,V1,1,0,0.31733,-14.58927,1.34851,2,0
compatibility_threshold,3.2,V1,1,1,0.31733,-13.73379,1.58885,2,0
compatibility_threshold,3.2,V1,1,2,0.31733,-13.29793,1.64179,2,0
compatibility_threshold,3.2,V1,1,3,0.31733,-13.23778,1.64255,2,0
compatibility_threshold,3.2,V1,1,4,0.31733,-13.13465,1.59298,2,0
compatibility_threshold,3.2,V1,1,5,0.31733,-13.05077,1.63194,2,0
compatibility_threshold,3.2,V1,1,6,0.31733,-13.0349,1.83291,2,0
compatibility_threshold,3.2,V1,1,7,11.74309,-13.02505,2.04716,2,0
compatibility_threshold,3.2,V1,1,8,11.74309,-12.71594,2.38641,2,0
compatibility_threshold,3.2,V1,1,9,11.74309,-12.62826,2.59082,5,0
compatibility_threshold,3.2,V1,1,10,11.74309,-12.30408,3.06594,6,0
compatibility_threshold,3.2,V1,1,11,11.74309,-12.07039,3.43252,6,0
compatibility_threshold,3.2,V1,1,12,11.74309,-11.86933,3.41743,6,0
compatibility_threshold,3.2,V1,1,13,11.74309,-11.73356,3.67283,7,0
compatibility_threshold,3.2,V1,1,14,11.74309,-11.38006,3.84525,7,0
compatibility_threshold,3.2,V1,1,15,11.74309,-11.16008,3.96451,7,0
compatibility_threshold,3.2,V1,1,16,11.74309,-11.20414,3.8593,7,0
compatibility_threshold,3.2,V1,1,17,11.74309,-11.14834,3.93857,7,0
compatibility_threshold,3.2,V1,1,18,11.74309,-10.83916,4.1138,7,0
compatibility_threshold,3.2,V1,1,19,11.74309,-10.83708,3.90109,8,0
compatibility_threshold,3.2,V1,1,20,11.74309,-10.44624,4.27383,8,0
compatibility_threshold,3.2,V1,1,21,11.74309,-10.23376,4.29715,8,0
compatibility_threshold,3.2,V1,1,22,11.74309,-10.3068,4.3586,8,0
compatibility_threshold,3.2,V1,1,23,11.74309,-10.12069,4.43888,7,0
compatibility_threshold,3.2,V1,1,24,11.74309,-9.94993,4.34303,6,0
compatibility_threshold,3.2,V1,1,25,11.74309,-10.06074,4.31386,6,0
compatibility_threshold,3.2,V1,1,26,11.74309,-9.46804,4.4822,4,0
compatibility_threshold,3.2,V1,1,27,11.74309,-9.74506,4.46949,3,0
compatibility_threshold,3.2,V1,1,28,11.74309,-9.88297,4.46942,3,0
compatibility_threshold,3.2,V1,1,29,11.74309,-9.42379,4.63319,3,0
compatibility_threshold,3.2,V1,1,30,11.74309,-9.68648,4.74767,3,0
compatibility_threshold,3.2,V1,1,31,11.74309,-9.3719,4.7358,3,0
compatibility_threshold,3.2,V1,1,32,13.54113,-9.26196,5.00896,4,0
compatibility_threshold,3.2,V1,1,33,43.94113,-8.60797,5.66538,4,1
compatibility_threshold,3.2,V1,2,0,-6.80768,-14.67442,1.10739,2,0
compatibility_threshold,3.2,V1,2,1,2.94932,-13.9501,1.2191,2,0
compatibility_threshold,3.2,V1,2,2,2.94932,-13.71451,1.33133,2,0
compatibility_threshold,3.2,V1,2,3,8.70272,-13.51956,2.18383,2,0
compatibility_threshold,3.2,V1,2,4,9.89953,-13.38058,2.30896,2,0
compatibility_threshold,3.2,V1,2,5,9.89953,-13.23008,2.86642,3,0
compatibility_threshold,3.2,V1,2,6,9.89953,-13.16361,3.08829,3,0
compatibility_threshold,3.2,V1,2,7,13.24113,-12.51472,4.20283,4,0
compatibility_threshold,3.2,V1,2,8,17.64113,-11.55168,5.5418,4,0
compatibility_threshold,3.2,V1,2,9,17.64113,-10.60441,6.343,4,0
compatibility_threshold,3.2,V1,2,10,17.64113,-9.88288,6.96602,4,0
compatibility_threshold,3.2,V1,2,11,17.64113,-9.60996,7.405,4,0
compatibility_threshold,3.2,V1,2,12,17.64113,-9.62674,7.15917,4,0
compatibility_threshold,3.2,V1,2,13,43.94113,-9.49836,7.31609,4,1
compatibility_threshold,3.2,V1,3,0,-0.3744,-14.44937,2.43218,2,0
compatibility_threshold,3.2,V1,3,1,0.09267,-12.1789,3.21369,2,0
compatibility_threshold,3.2,V1,3,2,2.50204,-11.28742,3.23663,2,0
compatibility_threshold,3.2,V1,3,3,8.44113,-10.68639,3.54463,2,0
compatibility_threshold,3.2,V1,3,4,8.44113,-10.65299,3.69238,2,0
compatibility_threshold,3.2,V1,3,5,8.44113,-10.45137,4.38045,3,0
compatibility_threshold,3.2,V1,3,6,8.44113,-10.25079,5.24118,4,0
compatibility_threshold,3.2,V1,3,7,14.74113,-9.32714,6.12061,4,0
compatibility_threshold,3.2,V1,3,8,19.84113,-8.74491,6.59503,4,0
compatibility_threshold,3.2,V1,3,9,19.84113,-7.37085,7.21829,4,0
compatibility_threshold,3.2,V1,3,10,43.94113,-6.95222,8.07809,4,1
compatibility_threshold,3.2,V1,4,0,-8.11793,-14.76882,1.05904,3,0
compatibility_threshold,3.2,V1,4,1,-2.4537,-13.82553,1.47186,3,0
compatibility_threshold,3.2,V1,4,2,6.17506,-13.29005,1.69041,3,0
compatibility_threshold,3.2,V1,4,3,6.17506,-13.05451,1.94026,3,0
compatibility_threshold,3.2,V1,4,4,6.17506,-12.93327,2.17658,3,0
compatibility_threshold,3.2,V1,4,5,6.17506,-12.63828,2.71223,3,0
compatibility_threshold,3.2,V1,4,6,9.94113,-12.36374,3.16344,3,0
compatibility_threshold,3.2,V1,4,7,9.94113,-12.07918,3.19172,4,0
compatibility_threshold,3.2,V1,4,8,9.94113,-11.55077,3.7445,4,0
compatibility_threshold,3.2,V1,4,9,10.14113,-11.51163,4.05122,4,0
compatibility_threshold,3.2,V1,4,10,10.14113,-11.47493,4.0537,4,0
compatibility_threshold,3.2,V1,4,11,10.14113,-11.32407,4.0104,4,0
compatibility_threshold,3.2,V1,4,12,10.14113,-11.12545,4.48832,4,0
compatibility_threshold,3.2,V1,4,13,10.14113,-11.32861,4.22392,4,0
compatibility_threshold,3.2,V1,4,14,10.14113,-11.09469,4.11941,4,0
compatibility_threshold,3.2,V1,4,15,10.14113,-10.75236,4.27883,4,0
compatibility_threshold,3.2,V1,4,16,10.14113,-10.84275,4.21313,4,0
compatibility_threshold,3.2,V1,4,17,17.44211,-10.70056,4.40786,4,0
compatibility_threshold,3.2,V1,4,18,17.44211,-10.27181,4.85549,4,0
compatibility_threshold,3.2,V1,4,19,17.44211,-10.71,5.04395,4,0
compatibility_threshold,3.2,V1,4,20,17.44211,-10.24082,5.15516,4,0
compatibility_threshold,3.2,V1,4,21,17.44211,-9.85751,5.68182,4,0
compatibility_threshold,3.2,V1,4,22,17.44211,-10.24824,5.37429,4,0
compatibility_threshold,3.2,V1,4,23,17.44211,-10.30489,5.42975,4,0
compatibility_threshold,3.2,V1,4,24,17.44211,-9.43685,6.20814,3,0
compatibility_threshold,3.2,V1,4,25,17.44211,-10.50194,5.43011,3,0
compatibility_threshold,3.2,V1,4,26,17.44211,-10.254,5.61995,3,0
compatibility_threshold,3.2,V1,4,27,17.44211,-10.25275,5.49521,3,0
compatibility_threshold,3.2,V1,4,28,17.44211,-10.07208,5.33236,3,0
compatibility_threshold,3.2,V1,4,29,20.94113,-10.21344,4.81541,3,0
compatibility_threshold,3.2,V1,4,30,20.94113,-10.2624,4.62289,3,0
compatibility_threshold,3.2,V1,4,31,20.94113,-10.36882,4.72035,3,0
compatibility_threshold,3.2,V1,4,32,20.94113,-9.88511,4.99794,5,0
compatibility_threshold,3.2,V1,4,33,20.94113,-9.9465,5.21301,6,0
compatibility_threshold,3.2,V1,4,34,20.94113,-9.46498,5.75068,6,0
compatibility_threshold,3.2,V1,4,35,20.94113,-9.4175,5.75884,6,0
compatibility_threshold,3.2,V1,4,36,20.94113,-9.64623,5.71513,6,0
compatibility_threshold,3.2,V1,4,37,20.94113,-9.84649,5.77236,6,0
compatibility_threshold,3.2,V1,4,38,20.94113,-9.8122,5.63218,6,0
compatibility_threshold,3.2,V1,4,39,20.94113,-9.96769,5.5556,6,0
compatibility_threshold,3.2,V1,4,40,20.94113,-9.54612,6.00885,6,0
compatibility_threshold,3.2,V1,4,41,20.94113,-9.46247,5.84785,6,0
compatibility_threshold,3.2,V1,4,42,20.94113,-9.20707,6.29835,6,0
compatibility_threshold,3.2,V1,4,43,20.94113,-8.99458,6.32462,6,0
compatibility_threshold,3.2,V1,4,44,20.94113,-9.06359,6.66974,6,0
compatibility_threshold,3.2,V1,4,45,20.94113,-8.19756,7.20227,4,0
compatibility_threshold,3.2,V1,4,46,20.94113,-8.30195,7.07022,3,0
compatibility_threshold,3.2,V1,4,47,20.94113,-8.12569,7.30479,3,0
compatibility_threshold,3.2,V1,4,48,20.94113,-8.40084,7.27746,3,0
compatibility_threshold,3.2,V1,4,49,17.44113,-10.19455,5.14831,1,0
compatibility_threshold,3.2,V1,4,50,-8.11793,-14.72648,1.12652,2,0
compatibility_threshold,3.2,V1,4,51,6.17506,-13.59063,1.78107,2,0
compatibility_threshold,3.2,V1,4,52,6.17506,-13.28422,1.92187,4,0
compatibility_threshold,3.2,V1,4,53,6.17506,-12.98917,2.193,4,0
compatibility_threshold,3.2,V1,4,54,6.17506,-12.43384,2.89976,4,0
compatibility_threshold,3.2,V1,4,55,9.94113,-12.44764,3.20002,4,0
compatibility_threshold,3.2,V1,4,56,9.94113,-12.04018,3.62999,4,0
compatibility_threshold,3.2,V1,4,57,9.94113,-11.48082,4.33606,4,0
compatibility_threshold,3.2,V1,4,58,10.04113,-11.27249,4.73082,4,0
compatibility_threshold,3.2,V1,4,59,10.04113,-11.15886,4.69012,4,0
compatibility_threshold,3.2,V1,4,60,10.04113,-11.28488,4.29034,4,0
compatibility_threshold,3.2,V1,4,61,10.04113,-11.02626,4.78593,4,0
compatibility_threshold,3.2,V1,4,62,10.04113,-11.1621,4.77978,5,0
compatibility_threshold,3.2,V1,4,63,10.04113,-10.8519,4.93409,5,0
compatibility_threshold,3.2,V1,4,64,20.94113,-10.84354,4.81776,5,0
compatibility_threshold,3.2,V1,4,65,20.94113,-11.15366,4.5866,5,0
compatibility_threshold,3.2,V1,4,66,20.94113,-10.7446,5.27522,5,0
compatibility_threshold,3.2,V1,4,67,20.94113,-10.29675,5.3496,4,0
compatibility_threshold,3.2,V1,4,68,20.94113,-10.17941,5.97702,4,0
compatibility_threshold,3.2,V1,4,69,20.94113,-10.02645,6.32346,4,0
compatibility_threshold,3.2,V1,4,70,20.94113,-10.00091,6.31528,4,0
compatibility_threshold,3.2,V1,4,71,20.94113,-9.55908,6.63303,5,0
compatibility_threshold,3.2,V1,4,72,20.94113,-10.15427,6.22918,5,0
compatibility_threshold,3.2,V1,4,73,20.94113,-9.60288,6.42091,5,0
compatibility_threshold,3.2,V1,4,74,43.94113,-9.22314,6.92871,5,1
compatibility_threshold,3.2,V1,5,0,7.74113,-15.01455,1.46829,2,0
compatibility_threshold,3.2,V1,5,1,7.74113,-14.03257,2.30219,2,0
compatibility_threshold,3.2,V1,5,2,7.74113,-13.40964,2.8172,2,0
compatibility_threshold,3.2,V1,5,3,7.74113,-12.97695,3.33586,2,0
compatibility_threshold,3.2,V1,5,4,9.94113,-12.04918,4.39465,2,0
compatibility_threshold,3.2,V1,5,5,43.94113,-10.54719,5.98183,2,1
compatibility_threshold,3.2,V1,6,0,1.67316,-13.81401,2.8243,3,0
compatibility_threshold,3.2,V1,6,1,4.5623,-11.06817,3.73898,3,0
compatibility_threshold,3.2,V1,6,2,4.5623,-10.06081,3.72897,3,0
compatibility_threshold,3.2,V1,6,3,4.5623,-9.28124,3.35468,3,0
compatibility_threshold,3.2,V1,6,4,17.64113,-9.12008,3.45188,3,0
compatibility_threshold,3.2,V1,6,5,17.64113,-9.12548,3.63846,3,0
compatibility_threshold,3.2,V1,6,6,17.64113,-9.43798,3.86639,3,0
compatibility_threshold,3.2,V1,6,7,17.64113,-9.24626,4.20902,3,0
compatibility_threshold,3.2,V1,6,8,17.64113,-9.75398,4.23728,3,0
compatibility_threshold,3.2,V1,6,9,17.64113,-9.69965,4.13308,3,0
compatibility_threshold,3.2,V1,6,10,17.64113,-9.64685,4.45637,3,0
compatibility_threshold,3.2,V1,6,11,17.84113,-9.22697,4.6079,3,0
compatibility_threshold,3.2,V1,6,12,19.03557,-9.17179,4.68009,4,0
compatibility_threshold,3.2,V1,6,13,19.03557,-9.52509,4.55402,4,0
compatibility_threshold,3.2,V1,6,14,19.03557,-9.25483,4.51648,4,0
compatibility_threshold,3.2,V1,6,15,19.03557,-9.4872,4.72343,4,0
compatibility_threshold,3.2,V1,6,16,19.03557,-9.16143,4.88083,4,0
compatibility_threshold,3.2,V1,6,17,19.03557,-9.33452,4.82575,4,0
compatibility_threshold,3.2,V1,6,18,19.03557,-8.77841,4.98109,4,0
compatibility_threshold,3.2,V1,6,19,19.03557,-8.78988,4.78814,4,0
compatibility_threshold,3.2,V1,6,20,19.03557,-8.94065,4.84997,6,0
compatibility_threshold,3.2,V1,6,21,19.03557,-9.01615,5.23309,6,0
compatibility_threshold,3.2,V1,6,22,19.03557,-8.80048,5.15956,6,0
compatibility_threshold,3.2,V1,6,23,19.03557,-8.86281,5.23003,6,0
compatibility_threshold,3.2,V1,6,24,19.03557,-8.4439,5.17619,6,0
compatibility_threshold,3.2,V1,6,25,19.03557,-8.1657,5.01923,6,0
compatibility_threshold,3.2,V1,6,26,19.03557,-7.85864,5.19123,6,0
compatibility_threshold,3.2,V1,6,27,19.03557,-7.89115,5.42333,6,0
compatibility_threshold,3.2,V1,6,28,19.03557,-7.75489,5.66352,5,0
compatibility_threshold,3.2,V1,6,29,19.03557,-7.20073,6.13992,5,0
compatibility_threshold,3.2,V1,6,30,19.03557,-7.22041,6.06193,5,0
compatibility_threshold,3.2,V1,6,31,19.53557,-6.63788,6.27544,5,0
compatibility_threshold,3.2,V1,6,32,19.53557,-6.24532,6.97633,4,0
compatibility_threshold,3.2,V1,6,33,19.53557,-6.31202,6.66321,4,0
compatibility_threshold,3.2,V1,6,34,19.53557,-6.32994,6.67572,4,0
compatibility_threshold,3.2,V1,6,35,19.53557,-6.2727,6.96054,4,0
compatibility_threshold,3.2,V1,6,36,19.53557,-5.71541,7.02647,5,0
compatibility_threshold,3.2,V1,6,37,19.53557,-4.67929,8.64306,3,0
compatibility_threshold,3.2,V1,6,38,19.53557,-3.97942,10.08862,4,0
compatibility_threshold,3.2,V1,6,39,19.53557,-2.93493,10.90133,4,0
compatibility_threshold,3.2,V1,6,40,19.53557,-3.23006,11.12143,4,0
compatibility_threshold,3.2,V1,6,41,19.53557,-2.62709,11.62656,4,0
compatibility_threshold,3.2,V1,6,42,19.53557,-2.61633,11.92016,4,0
compatibility_threshold,3.2,V1,6,43,19.53557,-2.04002,12.68981,4,0
compatibility_threshold,3.2,V1,6,44,19.53557,-2.67439,12.48137,4,0
compatibility_threshold,3.2,V1,6,45,19.53557,-1.96936,13.07949,4,0
compatibility_threshold,3.2,V1,6,46,19.53557,-2.43641,12.9233,4,0
compatibility_threshold,3.2,V1,6,47,19.53557,-3.69529,11.84814,6,0
compatibility_threshold,3.2,V1,6,48,19.53557,-2.99191,12.09046,6,0
compatibility_threshold,3.2,V1,6,49,19.53557,-1.53746,12.93957,6,0
compatibility_threshold,3.2,V1,6,50,19.53557,-1.29983,13.01353,5,0
compatibility_threshold,3.2,V1,6,51,19.53557,-2.0975,12.75821,5,0
compatibility_threshold,3.2,V1,6,52,19.63557,-1.73135,13.02404,5,0
compatibility_threshold,3.2,V1,6,53,19.63557,-2.09581,12.64991,5,0
compatibility_threshold,3.2,V1,6,54,19.63557,-2.41932,12.74966,7,0
compatibility_threshold,3.2,V1,6,55,19.63557,-1.39114,13.03031,7,0
compatibility_threshold,3.2,V1,6,56,19.63557,-1.77158,12.86791,7,0
compatibility_threshold,3.2,V1,6,57,19.63557,-1.9129,12.73606,7,0
compatibility_threshold,3.2,V1,6,58,19.63557,-2.27061,12.68383,7,0
compatibility_threshold,3.2,V1,6,59,19.63557,-2.21335,12.55257,7,0
compatibility_threshold,3.2,V1,6,60,19.63557,-1.88713,12.84762,7,0
compatibility_threshold,3.2,V1,6,61,19.63557,-2.70857,12.48957,7,0
compatibility_threshold,3.2,V1,6,62,19.63557,-2.49122,12.94548,8,0
compatibility_threshold,3.2,V1,6,63,19.63557,-1.18896,13.489,9,0
compatibility_threshold,3.2,V1,6,64,19.63557,-1.81645,13.24262,9,0
compatibility_threshold,3.2,V1,6,65,19.63557,-0.85808,13.37182,9,0
compatibility_threshold,3.2,V1,6,66,19.63557,0.33961,13.62568,10,0
compatibility_threshold,3.2,V1,6,67,19.63557,-0.42795,13.53997,10,0
compatibility_threshold,3.2,V1,6,68,19.63557,-0.55935,13.50229,10,0
compatibility_threshold,3.2,V1,6,69,19.63557,-0.49526,13.5028,11,0
compatibility_threshold,3.2,V1,6,70,19.63557,0.12325,13.36384,11,0
compatibility_threshold,3.2,V1,6,71,19.63557,-0.00649,13.5512,11,0
compatibility_threshold,3.2,V1,6,72,19.63557,0.02128,13.71995,11,0
compatibility_threshold,3.2,V1,6,73,19.63557,1.66046,13.92104,11,0
compatibility_threshold,3.2,V1,6,74,19.63557,0.71443,13.65031,11,0
compatibility_threshold,3.2,V1,6,75,19.63557,2.10229,14.26954,11,0
compatibility_threshold,3.2,V1,6,76,43.94113,0.93403,14.20723,11,1
compatibility_threshold,3.2,V1,7,0,-9.28422,-15.05477,1.11755,1,0
compatibility_threshold,3.2,V1,7,1,1.23175,-13.91803,1.6997,1,0
compatibility_threshold,3.2,V1,7,2,1.23175,-13.47196,1.96602,1,0
compatibility_threshold,3.2,V1,7,3,1.33615,-13.11577,2.2623,1,0
compatibility_threshold,3.2,V1,7,4,1.33615,-12.84481,3.01488,2,0
compatibility_threshold,3.2,V1,7,5,14.17887,-12.257,3.99024,3,0
compatibility_threshold,3.2,V1,7,6,14.17887,-11.82449,4.37774,3,0
compatibility_threshold,3.2,V1,7,7,14.17887,-11.36963,4.69705,3,0
compatibility_threshold,3.2,V1,7,8,14.17887,-11.2909,4.9049,3,0
compatibility_threshold,3.2,V1,7,9,14.17887,-11.25459,5.03907,3,0
compatibility_threshold,3.2,V1,7,10,14.17887,-11.25842,5.12179,3,0
compatibility_threshold,3.2,V1,7,11,14.17887,-11.15647,5.30531,3,0
compatibility_threshold,3.2,V1,7,12,14.17887,-10.77904,5.62741,3,0
compatibility_threshold,3.2,V1,7,13,14.17887,-10.75704,5.78363,3,0
compatibility_threshold,3.2,V1,7,14,14.17887,-9.80361,6.32563,3,0
compatibility_threshold,3.2,V1,7,15,14.17887,-9.26894,6.65921,3,0
compatibility_threshold,3.2,V1,7,16,14.17887,-9.31353,6.75495,3,0
compatibility_threshold,3.2,V1,7,17,14.17887,-8.73606,6.86094,3,0
compatibility_threshold,3.2,V1,7,18,14.17887,-8.62256,7.00554,3,0
compatibility_threshold,3.2,V1,7,19,14.17887,-9.01315,6.85319,3,0
compatibility_threshold,3.2,V1,7,20,14.17887,-8.61878,6.94755,3,0
compatibility_threshold,3.2,V1,7,21,14.17887,-8.92285,7.06166,4,0
compatibility_threshold,3.2,V1,7,22,14.17887,-8.68331,6.87196,3,0
compatibility_threshold,3.2,V1,7,23,14.17887,-8.82206,7.0022,3,0
compatibility_threshold,3.2,V1,7,24,14.17887,-8.88476,6.92392,4,0
compatibility_threshold,3.2,V1,7,25,14.17887,-9.41976,6.78901,4,0
compatibility_threshold,3.2,V1,7,26,14.17887,-9.28672,6.85544,4,0
compatibility_threshold,3.2,V1,7,27,14.17887,-8.89323,7.07182,6,0
compatibility_threshold,3.2,V1,7,28,14.17887,-8.64235,7.22856,6,0
compatibility_threshold,3.2,V1,7,29,14.17887,-8.05543,7.37419,6,0
compatibility_threshold,3.2,V1,7,30,14.17887,-8.10418,7.09164,7,0
compatibility_threshold,3.2,V1,7,31,14.17887,-8.35679,7.16191,7,0
compatibility_threshold,3.2,V1,7,32,14.17887,-7.90223,7.29968,8,0
compatibility_threshold,3.2,V1,7,33,14.17887,-8.38482,7.53714,8,0
compatibility_threshold,3.2,V1,7,34,14.17887,-8.14441,7.40159,8,0
compatibility_threshold,3.2,V1,7,35,14.17887,-7.73042,7.67231,8,0
compatibility_threshold,3.2,V1,7,36,14.17887,-7.12047,7.76988,8,0
compatibility_threshold,3.2,V1,7,37,14.17887,-6.12874,8.55453,7,0
compatibility_threshold,3.2,V1,7,38,14.17887,-6.56228,8.28604,7,0
compatibility_threshold,3.2,V1,7,39,14.17887,-6.32176,8.20472,7,0
compatibility_threshold,3.2,V1,7,40,15.44113,-6.03257,8.43511,7,0
compatibility_threshold,3.2,V1,7,41,15.44113,-6.35436,8.31215,7,0
compatibility_threshold,3.2,V1,7,42,15.44113,-7.11121,8.42298,6,0
compatibility_threshold,3.2,V1,7,43,19.84113,-7.04801,8.47591,6,0
compatibility_threshold,3.2,V1,7,44,19.84113,-7.06404,8.05309,6,0
compatibility_threshold,3.2,V1,7,45,19.84113,-6.86267,7.9523,6,0
compatibility_threshold,3.2,V1,7,46,19.84113,-7.22926,7.92157,6,0
compatibility_threshold,3.2,V1,7,47,19.84113,-6.26131,8.02752,5,0
compatibility_threshold,3.2,V1,7,48,19.84113,-6.18273,8.36084,5,0
compatibility_threshold,3.2,V1,7,49,19.84113,-6.41422,8.29226,5,0
compatibility_threshold,3.2,V1,7,50,19.84113,-5.06793,8.38786,4,0
compatibility_threshold,3.2,V1,7,51,19.84113,-6.20856,8.6234,3,0
compatibility_threshold,3.2,V1,7,52,19.84113,-5.89632,9.04663,3,0
compatibility_threshold,3.2,V1,7,53,19.84113,-6.12659,9.00052,5,0
compatibility_threshold,3.2,V1,7,54,19.84113,-6.13701,8.82476,5,0
compatibility_threshold,3.2,V1,7,55,19.84113,-5.41548,8.94407,6,0
compatibility_threshold,3.2,V1,7,56,19.84113,-5.64617,9.16001,5,0
compatibility_threshold,3.2,V1,7,57,19.84113,-5.44449,9.30029,5,0
compatibility_threshold,3.2,V1,7,58,19.84113,-4.67691,9.34281,5,0
compatibility_threshold,3.2,V1,7,59,19.84113,-5.85265,9.4396,6,0
compatibility_threshold,3.2,V1,7,60,19.84113,-5.65575,9.19882,6,0
compatibility_threshold,3.2,V1,7,61,19.84113,-5.81547,9.24062,6,0
compatibility_threshold,3.2,V1,7,62,19.84113,-5.49216,8.96747,6,0
compatibility_threshold,3.2,V1,7,63,19.84113,-5.20602,9.12351,6,0
compatibility_threshold,3.2,V1,7,64,19.84113,-4.63118,9.45203,6,0
compatibility_threshold,3.2,V1,7,65,19.84113,-5.40918,9.50009,6,0
compatibility_threshold,3.2,V1,7,66,19.84113,-4.80257,9.75185,6,0
compatibility_threshold,3.2,V1,7,67,19.84113,-4.7695,9.60844,6,0
compatibility_threshold,3.2,V1,7,68,19.84113,-5.43699,9.85529,6,0
compatibility_threshold,3.2,V1,7,69,19.84113,-5.17019,9.77414,4,0
compatibility_threshold,3.2,V1,7,70,19.84113,-4.55984,10.02471,4,0
compatibility_threshold,3.2,V1,7,71,19.84113,-5.14007,9.79596,5,0
compatibility_threshold,3.2,V1,7,72,19.84113,-5.05938,10.25176,5,0
compatibility_threshold,3.2,V1,7,73,19.84113,-5.05711,10.14349,5,0
compatibility_threshold,3.2,V1,7,74,19.84113,-5.47795,10.08776,5,0
compatibility_threshold,3.2,V1,7,75,19.84113,-5.27917,10.07399,5,0
compatibility_threshold,3.2,V1,7,76,19.84113,-4.58069,10.07483,5,0
compatibility_threshold,3.2,V1,7,77,19.84113,-3.77618,10.26385,5,0
compatibility_threshold,3.2,V1,7,78,19.84113,-4.50447,10.00094,4,0
compatibility_threshold,3.2,V1,7,79,19.84113,-4.28907,10.17084,4,0
compatibility_threshold,3.2,V1,7,80,19.84113,-4.54687,10.45731,5,0
compatibility_threshold,3.2,V1,7,81,19.84113,-4.24777,10.44812,5,0
compatibility_threshold,3.2,V1,7,82,19.84113,-3.75401,10.54445,5,0
compatibility_threshold,3.2,V1,7,83,19.84113,-2.89839,10.72991,3,0
compatibility_threshold,3.2,V1,7,84,19.84113,-3.88159,10.71026,3,0
compatibility_threshold,3.2,V1,7,85,19.84113,-3.71117,10.87544,4,0
compatibility_threshold,3.2,V1,7,86,19.84113,-3.24132,10.8493,4,0
compatibility_threshold,3.2,V1,7,87,19.84113,-3.81949,10.5063,4,0
compatibility_threshold,3.2,V1,7,88,19.84113,-2.93812,10.84745,4,0
compatibility_threshold,3.2,V1,7,89,19.84113,-3.27667,10.78192,4,0
compatibility_threshold,3.2,V1,7,90,19.84113,-2.60889,11.03504,4,0
compatibility_threshold,3.2,V1,7,91,19.84113,-3.72124,11.0774,4,0
compatibility_threshold,3.2,V1,7,92,19.84113,-2.9718,11.06873,4,0
compatibility_threshold,3.2,V1,7,93,19.84113,-3.44041,10.65541,4,0
compatibility_threshold,3.2,V1,7,94,19.84113,-3.48729,10.78308,4,0
compatibility_threshold,3.2,V1,7,95,19.84113,-3.03573,10.7692,4,0
compatibility_threshold,3.2,V1,7,96,19.84113,-3.60679,10.48596,3,0
compatibility_threshold,3.2,V1,7,97,19.84113,-3.08375,10.54827,4,0
compatibility_threshold,3.2,V1,7,98,19.84113,-2.53129,10.69173,5,0
compatibility_threshold,3.2,V1,7,99,19.84113,-2.68063,10.99899,6,0
compatibility_threshold,3.2,V1,8,0,-4.14206,-14.58685,2.17398,2,0
compatibility_threshold,3.2,V1,8,1,0.29267,-12.48783,2.9213,2,0
compatibility_threshold,3.2,V1,8,2,0.29267,-11.8457,2.86595,2,0
compatibility_threshold,3.2,V1,8,3,0.29267,-11.46578,2.88687,2,0
compatibility_threshold,3.2,V1,8,4,8.84113,-11.64129,3.13505,2,0
compatibility_threshold,3.2,V1,8,5,8.84113,-11.35816,3.72406,2,0
compatibility_threshold,3.2,V1,8,6,19.57885,-11.4331,4.00798,2,0
compatibility_threshold,3.2,V1,8,7,19.57885,-10.85939,4.78904,2,0
compatibility_threshold,3.2,V1,8,8,19.57885,-9.76562,6.03388,2,0
compatibility_threshold,3.2,V1,8,9,19.57885,-8.77082,7.74507,2,0
compatibility_threshold,3.2,V1,8,10,19.57885,-7.02465,9.51077,3,0
compatibility_threshold,3.2,V1,8,11,19.57885,-5.38891,10.41777,3,0
compatibility_threshold,3.2,V1,8,12,19.57885,-3.00513,11.05804,3,0
compatibility_threshold,3.2,V1,8,13,19.57885,-3.50086,11.08768,3,0
compatibility_threshold,3.2,V1,8,14,19.57885,-2.08719,11.1939,3,0
compatibility_threshold,3.2,V1,8,15,19.57885,-2.6485,11.23922,3,0
compatibility_threshold,3.2,V1,8,16,19.57885,-1.74159,11.14479,3,0
compatibility_threshold,3.2,V1,8,17,19.57885,-1.16393,11.17146,3,0
compatibility_threshold,3.2,V1,8,18,19.57885,-1.20447,11.1979,3,0
compatibility_threshold,3.2,V1,8,19,19.57885,-1.20389,11.19781,3,0
compatibility_threshold,3.2,V1,8,20,19.57885,-1.11157,11.20616,3,0
compatibility_threshold,3.2,V1,8,21,19.57885,0.23827,10.99177,3,0
compatibility_threshold,3.2,V1,8,22,8.84113,-0.70101,11.27083,2,0
compatibility_threshold,3.2,V1,8,23,8.84113,1.09812,10.7253,1,0
compatibility_threshold,3.2,V1,8,24,8.84113,0.8899,10.65685,1,0
compatibility_threshold,3.2,V1,8,25,8.84113,0.87647,10.74538,1,0
compatibility_threshold,3.2,V1,8,26,8.84113,0.57096,10.83967,1,0
compatibility_threshold,3.2,V1,8,27,8.84113,0.23085,10.9982,2,0
compatibility_threshold,3.2,V1,8,28,8.84113,1.2703,10.61107,1,0
compatibility_threshold,3.2,V1,8,29,8.84113,1.09713,10.74549,1,0
compatibility_threshold,3.2,V1,8,30,8.84113,0.96764,10.68189,3,0
compatibility_threshold,3.2,V1,8,31,8.84113,-0.77833,11.09253,3,0
compatibility_threshold,3.2,V1,8,32,8.94113,-1.63925,11.29333,3,0
compatibility_threshold,3.2,V1,8,33,8.94113,-2.74037,11.3346,3,0
compatibility_threshold,3.2,V1,8,34,8.94113,-0.42705,11.15427,3,0
compatibility_threshold,3.2,V1,8,35,8.94113,0.36961,10.92362,3,0
compatibility_threshold,3.2,V1,8,36,8.94113,0.6103,10.90659,3,0
compatibility_threshold,3.2,V1,8,37,9.04113,1.42413,10.7046,3,0
compatibility_threshold,3.2,V1,8,38,9.04113,0.23813,11.09626,4,0
compatibility_threshold,3.2,V1,8,39,9.04113,1.58854,10.55033,4,0
compatibility_threshold,3.2,V1,8,40,9.04113,1.24651,10.68522,4,0
compatibility_threshold,3.2,V1,8,41,9.04113,1.15497,10.62244,4,0
compatibility_threshold,3.2,V1,8,42,9.04113,0.70388,10.87553,4,0
compatibility_threshold,3.2,V1,8,43,9.79953,0.22595,10.97247,4,0
compatibility_threshold,3.2,V1,8,44,9.79953,0.80429,10.81755,4,0
compatibility_threshold,3.2,V1,8,45,9.79953,0.97329,10.81358,4,0
compatibility_threshold,3.2,V1,8,46,9.79953,2.16956,10.37926,4,0
compatibility_threshold,3.2,V1,8,47,9.79953,1.38972,10.72184,4,0
compatibility_threshold,3.2,V1,8,48,9.79953,1.44764,10.73023,6,0
compatibility_threshold,3.2,V1,8,49,9.79953,0.48012,11.03476,6,0
compatibility_threshold,3.2,V1,8,50,10.22742,1.51916,10.76082,7,0
compatibility_threshold,3.2,V1,8,51,10.22742,0.88052,10.86137,7,0
compatibility_threshold,3.2,V1,8,52,10.22742,1.27295,10.81801,7,0
compatibility_threshold,3.2,V1,8,53,10.22742,1.7511,10.67221,7,0
compatibility_threshold,3.2,V1,8,54,10.22742,1.59734,10.70218,8,0
compatibility_threshold,3.2,V1,8,55,10.22742,0.79287,11.02391,7,0
compatibility_threshold,3.2,V1,8,56,10.22742,1.59658,10.64035,7,0
compatibility_threshold,3.2,V1,8,57,10.22742,1.17259,10.77593,7,0
compatibility_threshold,3.2,V1,8,58,10.22742,1.36322,10.78795,8,0
compatibility_threshold,3.2,V1,8,59,10.22742,0.68105,10.89577,7,0
compatibility_threshold,3.2,V1,8,60,10.22742,1.64026,10.63659,7,0
compatibility_threshold,3.2,V1,8,61,10.22742,0.87342,10.85759,7,0
compatibility_threshold,3.2,V1,8,62,10.22742,1.77889,10.56124,7,0
compatibility_threshold,3.2,V1,8,63,19.57885,1.8053,10.55123,7,0
compatibility_threshold,3.2,V1,8,64,19.57885,1.12123,10.89512,7,0
compatibility_threshold,3.2,V1,8,65,19.57885,1.81696,10.52091,8,0
compatibility_threshold,3.2,V1,8,66,19.57885,-0.03369,11.12297,8,0
compatibility_threshold,3.2,V1,8,67,19.57885,-0.38259,11.18017,6,0
compatibility_threshold,3.2,V1,8,68,19.57885,0.75547,10.75776,6,0
compatibility_threshold,3.2,V1,8,69,19.57885,0.466,10.88012,6,0
compatibility_threshold,3.2,V1,8,70,19.57885,1.22708,10.72335,6,0
compatibility_threshold,3.2,V1,8,71,19.57885,0.10691,11.13377,6,0
compatibility_threshold,3.2,V1,8,72,19.57885,0.96986,10.90024,6,0
compatibility_threshold,3.2,V1,8,73,19.57885,1.91852,10.54139,6,0
compatibility_threshold,3.2,V1,8,74,19.57885,1.41164,10.72373,6,0
compatibility_threshold,3.2,V1,8,75,19.57885,1.57283,10.73576,6,0
compatibility_threshold,3.2,V1,8,76,19.57885,1.43503,10.68624,6,0
compatibility_threshold,3.2,V1,8,77,19.57885,1.12893,10.93343,6,0
compatibility_threshold,3.2,V1,8,78,19.57885,2.09639,10.54943,6,0
compatibility_threshold,3.2,V1,8,79,19.57885,2.24608,10.44554,5,0
compatibility_threshold,3.2,V1,8,80,19.57885,2.14042,10.4382,4,0
compatibility_threshold,3.2,V1,8,81,19.57885,2.70774,10.20052,3,0
compatibility_threshold,3.2,V1,8,82,19.57885,1.99886,10.65019,2,0
compatibility_threshold,3.2,V1,8,83,19.57885,2.00315,10.54706,1,0
compatibility_threshold,3.2,V1,8,84,18.74113,-14.52782,2.43826,2,0
compatibility_threshold,3.2,V1,8,85,18.74113,-12.47362,3.05304,2,0
compatibility_threshold,3.2,V1,8,86,18.74113,-11.72563,3.09317,2,0
compatibility_threshold,3.2,V1,8,87,18.74113,-11.47613,3.14665,2,0
compatibility_threshold,3.2,V1,8,88,18.74113,-11.56681,3.16052,2,0
compatibility_threshold,3.2,V1,8,89,18.74113,-11.26366,3.32734,2,0
compatibility_threshold,3.2,V1,8,90,18.74113,-11.2646,3.59737,2,0
compatibility_threshold,3.2,V1,8,91,18.74113,-11.04337,3.91989,3,0
compatibility_threshold,3.2,V1,8,92,18.74113,-10.70514,4.74448,3,0
compatibility_threshold,3.2,V1,8,93,18.74113,-9.89514,5.55842,3,0
compatibility_threshold,3.2,V1,8,94,18.74113,-8.9539,7.13242,3,0
compatibility_threshold,3.2,V1,8,95,19.57885,-7.46325,8.88111,3,0
compatibility_threshold,3.2,V1,8,96,19.57885,-5.94659,10.01089,3,0
compatibility_threshold,3.2,V1,8,97,19.57885,-5.00262,10.4063,3,0
compatibility_threshold,3.2,V1,8,98,19.57885,-3.80454,10.97389,3,0
compatibility_threshold,3.2,V1,8,99,19.57885,-4.54286,10.87395,3,0
compatibility_threshold,3.2,V1,9,0,-5.23875,-13.92328,2.73609,2,0
compatibility_threshold,3.2,V1,9,1,0.34505,-11.14688,3.76585,2,0
compatibility_threshold,3.2,V1,9,2,16.68427,-9.88315,3.66768,2,0
compatibility_threshold,3.2,V1,9,3,21.24113,-9.43859,3.86332,2,0
compatibility_threshold,3.2,V1,9,4,21.24113,-9.39433,3.74989,2,0
compatibility_threshold,3.2,V1,9,5,21.24113,-8.84814,3.78211,2,0
compatibility_threshold,3.2,V1,9,6,21.24113,-8.57189,4.41718,2,0
compatibility_threshold,3.2,V1,9,7,21.24113,-8.61487,5.06246,2,0
compatibility_threshold,3.2,V1,9,8,22.04113,-8.21024,5.79368,2,0
compatibility_threshold,3.2,V1,9,9,43.94113,-7.62086,6.2363,2,1
conn_add_prob,0.3,V1,0,0,-5.59773,-14.33313,1.55878,14,0
conn_add_prob,0.3,V1,0,1,-5.59773,-13.17499,1.70391,14,0
conn_add_prob,0.3,V1,0,2,-5.59773,-12.73056,1.61759,14,0
conn_add_prob,0.3,V1,0,3,-5.59773,-12.69449,1.62451,14,0
conn_add_prob,0.3,V1,0,4,-5.59773,-12.77199,1.68571,15,0
conn_add_prob,0.3,V1,0,5,-5.59773,-12.65453,1.75693,15,0
conn_add_prob,0.3,V1,0,6,-5.59773,-12.51243,1.76792,15,0
conn_add_prob,0.3,V1,0,7,-4.99773,-12.5478,1.78646,18,0
conn_add_prob,0.3,V1,0,8,-4.99773,-12.24061,1.84503,19,0
conn_add_prob,0.3,V1,0,9,-4.99773,-12.20218,2.0726,20,0
conn_add_prob,0.3,V1,0,10,-4.99773,-12.06806,2.16521,20,0
conn_add_prob,0.3,V1,0,11,-2.66827,-12.0857,2.15854,20,0
conn_add_prob,0.3,V1,0,12,-2.66827,-12.03969,2.18063,20,0
conn_add_prob,0.3,V1,0,13,-2.66827,-11.94971,2.27397,20,0
conn_add_prob,0.3,V1,0,14,-2.66827,-11.99928,2.24731,20,0
conn_add_prob,0.3,V1,0,15,-2.66827,-11.78459,2.34527,20,0
conn_add_prob,0.3,V1,0,16,-2.66827,-11.87352,2.53629,19,0
conn_add_prob,0.3,V1,0,17,-2.66827,-11.70507,2.549,19,0
conn_add_prob,0.3,V1,0,18,-2.66827,-11.89689,2.6568,18,0
conn_add_prob,0.3,V1,0,19,-2.66827,-11.64495,2.66053,18,0
conn_add_prob,0.3,V1,0,20,-2.66827,-11.61258,2.81809,16,0
conn_add_prob,0.3,V1,0,21,-2.66827,-11.53522,2.70968,16,0
conn_add_prob,0.3,V1,0,22,13.34113,-11.30474,3.03177,16,0
conn_add_prob,0.3,V1,0,23,13.34113,-11.32881,3.07698,14,0
conn_add_prob,0.3,V1,0,24,13.34113,-11.08413,3.31993,14,0
conn_add_prob,0.3,V1,0,25,13.34113,-10.97181,3.37115,12,0
conn_add_prob,0.3,V1,0,26,13.34113,-11.21425,3.20705,10,0
conn_add_prob,0.3,V1,0,27,13.34113,-11.23014,3.35382,9,0
conn_add_prob,0.3,V1,0,28,13.34113,-10.90795,3.36018,9,0
conn_add_prob,0.3,V1,0,29,14.04113,-10.92649,3.67795,8,0
conn_add_prob,0.3,V1,0,30,14.04113,-10.89929,3.76199,9,0
conn_add_prob,0.3,V1,0,31,14.04113,-10.70957,3.70851,9,0
conn_add_prob,0.3,V1,0,32,14.04113,-10.65667,3.62681,10,0
conn_add_prob,0.3,V1,0,33,14.04113,-11.04484,3.54648,10,0
conn_add_prob,0.3,V1,0,34,14.04113,-10.66826,3.67206,10,0
conn_add_prob,0.3,V1,0,35,14.04113,-10.77713,3.6291,11,0
conn_add_prob,0.3,V1,0,36,14.04113,-10.65152,3.78783,11,0
conn_add_prob,0.3,V1,0,37,14.04113,-10.5339,3.8089,12,0
conn_add_prob,0.3,V1,0,38,14.04113,-10.63391,3.91142,14,0
conn_add_prob,0.3,V1,0,39,14.04113,-10.22681,3.8707,14,0
conn_add_prob,0.3,V1,0,40,14.04113,-10.09674,4.04507,14,0
conn_add_prob,0.3,V1,0,41,14.04113,-9.99565,4.15852,14,0
conn_add_prob,0.3,V1,0,42,14.04113,-10.10698,4.16653,13,0
conn_add_prob,0.3,V1,0,43,14.04113,-10.16896,4.20203,16,0
conn_add_prob,0.3,V1,0,44,14.04113,-10.25689,4.22496,16,0
conn_add_prob,0.3,V1,0,45,14.04113,-10.29796,4.06809,15,0
conn_add_prob,0.3,V1,0,46,14.04113,-10.32765,4.04612,15,0
conn_add_prob,0.3,V1,0,47,14.04113,-10.03324,4.18044,14,0
conn_add_prob,0.3,V1,0,48,14.04113,-10.20303,4.16293,13,0
conn_add_prob,0.3,V1,0,49,14.04113,-10.34619,4.12438,13,0
conn_add_prob,0.3,V1,0,50,14.04113,-10.19871,4.26046,12,0
conn_add_prob,0.3,V1,0,51,14.04113,-10.02793,4.47722,12,0
conn_add_prob,0.3,V1,0,52,14.04113,-9.94358,4.97771,13,0
conn_add_prob,0.3,V1,0,53,14.04113,-9.70401,5.76572,13,0
conn_add_prob,0.3,V1,0,54,14.04113,-9.2458,6.61403,11,0
conn_add_prob,0.3,V1,0,55,14.04113,-8.15604,8.36674,9,0
conn_add_prob,0.3,V1,0,56,14.04113,-7.64809,8.92963,10,0
conn_add_prob,0.3,V1,0,57,14.04113,-7.98884,8.66044,11,0
conn_add_prob,0.3,V1,0,58,14.04113,-7.70813,8.83491,13,0
conn_add_prob,0.3,V1,0,59,14.04113,-7.65288,9.09677,12,0
conn_add_prob,0.3,V1,0,60,14.04113,-9.41132,7.06481,12,0
conn_add_prob,0.3,V1,0,61,14.04113,-8.685,8.00904,12,0
conn_add_prob,0.3,V1,0,62,14.04113,-8.55302,8.10197,12,0
conn_add_prob,0.3,V1,0,63,14.04113,-8.01549,8.6999,11,0
conn_add_prob,0.3,V1,0,64,14.04113,-8.11498,8.64515,11,0
conn_add_prob,0.3,V1,0,65,14.04113,-7.6362,9.18848,11,0
conn_add_prob,0.3,V1,0,66,14.04113,-7.25231,9.31648,12,0
conn_add_prob,0.3,V1,0,67,14.04113,-6.53297,10.02026,13,0
conn_add_prob,0.3,V1,0,68,14.04113,-6.23843,10.39781,12,0
conn_add_prob,0.3,V1,0,69,14.04113,-5.97619,10.24583,12,0
conn_add_prob,0.3,V1,0,70,14.04113,-6.57561,10.16067,12,0
conn_add_prob,0.3,V1,0,71,14.04113,-5.43857,10.88442,14,0
conn_add_prob,0.3,V1,0,72,14.04113,-3.88005,11.50317,15,0
conn_add_prob,0.3,V1,0,73,14.04113,-4.38729,11.41034,15,0
conn_add_prob,0.3,V1,0,74,14.48574,-3.62479,11.93975,14,0
conn_add_prob,0.3,V1,0,75,14.48574,-4.05949,11.75777,14,0
conn_add_prob,0.3,V1,0,76,14.48574,-4.1709,11.60356,15,0
conn_add_prob,0.3,V1,0,77,14.48574,-4.60445,11.51002,15,0
conn_add_prob,0.3,V1,0,78,14.48574,-3.10429,12.06012,15,0
conn_add_prob,0.3,V1,0,79,14.48574,-4.48295,11.52874,14,0
conn_add_prob,0.3,V1,0,80,14.48574,-3.31258,11.9167,12,0
conn_add_prob,0.3,V1,0,81,14.48574,-3.03174,12.14802,12,0
conn_add_prob,0.3,V1,0,82,14.48574,-2.84675,12.1942,11,0
conn_add_prob,0.3,V1,0,83,14.48574,-2.29085,12.40727,10,0
conn_add_prob,0.3,V1,0,84,14.48574,-2.2833,12.37001,10,0
conn_add_prob,0.3,V1,0,85,14.48574,-2.41395,12.40965,11,0
conn_add_prob,0.3,V1,0,86,14.48574,-2.97017,12.21396,10,0
conn_add_prob,0.3,V1,0,87,14.48574,-3.27759,12.18677,13,0
conn_add_prob,0.3,V1,0,88,14.48574,-2.08129,12.41102,12,0
conn_add_prob,0.3,V1,0,89,14.48574,-2.51146,12.40632,13,0
conn_add_prob,0.3,V1,0,90,14.28574,-2.96794,12.29329,13,0
conn_add_prob,0.3,V1,0,91,14.28574,-2.46326,12.48813,13,0
conn_add_prob,0.3,V1,0,92,14.28574,-2.01357,12.53213,12,0
conn_add_prob,0.3,V1,0,93,14.28574,-1.63279,12.74271,12,0
conn_add_prob,0.3,V1,0,94,14.48574,-2.33283,12.47999,14,0
conn_add_prob,0.3,V1,0,95,14.48574,-0.62803,12.8501,16,0
conn_add_prob,0.3,V1,0,96,14.48574,-1.76361,12.72353,16,0
conn_add_prob,0.3,V1,0,97,14.48574,-2.73898,12.35462,18,0
conn_add_prob,0.3,V1,0,98,14.48574,-2.37975,12.50584,17,0
conn_add_prob,0.3,V1,0,99,14.48574,-2.09366,12.63664,19,0
conn_add_prob,0.3,V1,1,0,0.31733,-14.58927,1.34851,12,0
conn_add_prob,0.3,V1,1,1,0.31733,-13.50439,1.80313,12,0
conn_add_prob,0.3,V1,1,2,0.31733,-13.37647,1.87033,12,0
conn_add_prob,0.3,V1,1,3,0.31733,-13.22027,1.881,12,0
conn_add_prob,0.3,V1,1,4,0.31733,-13.03126,1.86811,12,0
conn_add_prob,0.3,V1,1,5,7.04113,-12.82661,2.34538,12,0
conn_add_prob,0.3,V1,1,6,7.04113,-12.66985,2.64497,12,0
conn_add_prob,0.3,V1,1,7,7.04113,-12.4632,3.05627,12,0
conn_add_prob,0.3,V1,1,8,7.04113,-12.16462,3.36913,12,0
conn_add_prob,0.3,V1,1,9,7.44113,-11.61399,3.94542,12,0
conn_add_prob,0.3,V1,1,10,7.44113,-11.33151,4.11476,12,0
conn_add_prob,0.3,V1,1,11,7.44113,-10.85191,4.5621,13,0
conn_add_prob,0.3,V1,1,12,11.74309,-10.31966,4.72872,13,0
conn_add_prob,0.3,V1,1,13,11.74309,-10.35844,4.89964,13,0
conn_add_prob,0.3,V1,1,14,11.74309,-10.39842,4.84558,13,0
conn_add_prob,0.3,V1,1,15,18.29848,-9.56545,5.23792,13,0
conn_add_prob,0.3,V1,1,16,19.84113,-9.76807,5.45732,13,0
conn_add_prob,0.3,V1,1,17,19.84113,-9.55249,5.62164,14,0
conn_add_prob,0.3,V1,1,18,19.84113,-9.11461,5.71619,14,0
conn_add_prob,0.3,V1,1,19,20.94113,-9.01551,5.74625,15,0
conn_add_prob,0.3,V1,1,20,20.94113,-9.115,5.57685,16,0
conn_add_prob,0.3,V1,1,21,20.94113,-8.72747,5.74658,16,0
conn_add_prob,0.3,V1,1,22,20.94113,-8.80909,5.9721,16,0
conn_add_prob,0.3,V1,1,23,20.94113,-8.22092,6.07369,17,0
conn_add_prob,0.3,V1,1,24,20.94113,-8.23247,6.32564,17,0
conn_add_prob,0.3,V1,1,25,20.94113,-8.23977,6.27586,17,0
conn_add_prob,0.3,V1,1,26,20.94113,-8.12261,6.41803,20,0
conn_add_prob,0.3,V1,1,27,20.94113,-7.26745,6.51887,20,0
conn_add_prob,0.3,V1,1,28,20.94113,-7.68597,6.71301,20,0
conn_add_prob,0.3,V1,1,29,20.94113,-6.91972,6.80949,20,0
conn_add_prob,0.3,V1,1,30,20.94113,-6.60926,6.81622,19,0
conn_add_prob,0.3,V1,1,31,20.94113,-6.99429,7.01995,18,0
conn_add_prob,0.3,V1,1,32,20.94113,-6.88151,7.18755,16,0
conn_add_prob,0.3,V1,1,33,20.94113,-6.06219,7.67006,15,0
conn_add_prob,0.3,V1,1,34,20.94113,-6.12925,7.94779,15,0
conn_add_prob,0.3,V1,1,35,20.94113,-5.65814,8.14213,14,0
conn_add_prob,0.3,V1,1,36,20.94113,-5.578,8.55442,12,0
conn_add_prob,0.3,V1,1,37,20.94113,-5.15768,8.70767,11,0
conn_add_prob,0.3,V1,1,38,20.94113,-5.44709,8.5984,11,0
conn_add_prob,0.3,V1,1,39,43.94113,-5.07276,9.09691,12,1
conn_add_prob,0.3,V1,2,0,-6.80768,-14.67442,1.10739,13,0
conn_add_prob,0.3,V1,2,1,-2.86238,-13.87137,1.14964,13,0
conn_add_prob,0.3,V1,2,2,3.53647,-13.63573,1.77471,13,0
conn_add_prob,0.3,V1,2,3,18.91802,-13.41687,2.37906,13,0
conn_add_prob,0.3,V1,2,4,18.91802,-13.25896,2.64903,13,0
conn_add_prob,0.3,V1,2,5,18.91802,-12.78955,3.60475,18,0
conn_add_prob,0.3,V1,2,6,18.91802,-12.49759,4.05888,18,0
conn_add_prob,0.3,V1,2,7,18.91802,-12.44239,4.14215,18,0
conn_add_prob,0.3,V1,2,8,18.91802,-12.30089,4.34136,20,0
conn_add_prob,0.3,V1,2,9,18.91802,-12.17546,4.54652,20,0
conn_add_prob,0.3,V1,2,10,18.91802,-11.93597,4.76134,20,0
conn_add_prob,0.3,V1,2,11,18.91802,-11.83505,4.93259,21,0
conn_add_prob,0.3,V1,2,12,18.91802,-11.42513,5.36217,21,0
conn_add_prob,0.3,V1,2,13,18.91802,-11.27392,5.51977,21,0
conn_add_prob,0.3,V1,2,14,18.91802,-10.72084,5.92642,21,0
conn_add_prob,0.3,V1,2,15,18.91802,-11.0798,5.71086,21,0
conn_add_prob,0.3,V1,2,16,18.91802,-11.10952,5.72668,21,0
conn_add_prob,0.3,V1,2,17,18.91802,-10.74444,6.07114,21,0
conn_add_prob,0.3,V1,2,18,18.91802,-10.77168,6.0993,20,0
conn_add_prob,0.3,V1,2,19,18.91802,-10.88803,6.04803,19,0
conn_add_prob,0.3,V1,2,20,18.91802,-10.81697,6.05814,17,0
conn_add_prob,0.3,V1,2,21,18.91802,-10.63663,6.25647,15,0
conn_add_prob,0.3,V1,2,22,18.91802,-10.40662,6.33919,13,0
conn_add_prob,0.3,V1,2,23,18.91802,-10.15581,6.60601,13,0
conn_add_prob,0.3,V1,2,24,18.91802,-9.33833,7.17143,11,0
conn_add_prob,0.3,V1,2,25,17.64113,-9.42738,7.12181,10,0
conn_add_prob,0.3,V1,2,26,17.64113,-9.72962,7.02629,10,0
conn_add_prob,0.3,V1,2,27,17.64113,-9.7864,7.04255,12,0
conn_add_prob,0.3,V1,2,28,17.64113,-9.45006,7.07621,12,0
conn_add_prob,0.3,V1,2,29,17.64113,-10.08362,6.74274,11,0
conn_add_prob,0.3,V1,2,30,17.64113,-10.191,6.74966,13,0
conn_add_prob,0.3,V1,2,31,17.64113,-9.78938,6.94387,14,0
conn_add_prob,0.3,V1,2,32,17.64113,-9.2532,7.27322,14,0
conn_add_prob,0.3,V1,2,33,17.64113,-8.93181,7.62008,16,0
conn_add_prob,0.3,V1,2,34,17.64113,-8.03282,7.87912,19,0
conn_add_prob,0.3,V1,2,35,17.64113,-7.79497,8.10571,18,0
conn_add_prob,0.3,V1,2,36,17.64113,-7.8945,8.03307,18,0
conn_add_prob,0.3,V1,2,37,43.94113,-7.89152,8.15148,18,1
conn_add_prob,0.3,V1,3,0,-0.3744,-14.44937,2.43218,12,0
conn_add_prob,0.3,V1,3,1,7.74113,-12.03995,3.39905,12,0
conn_add_prob,0.3,V1,3,2,7.74113,-11.13962,3.50938,12,0
conn_add_prob,0.3,V1,3,3,7.74113,-11.10518,3.51355,12,0
conn_add_prob,0.3,V1,3,4,7.74113,-10.6231,3.55549,12,0
conn_add_prob,0.3,V1,3,5,14.34113,-10.35591,4.10152,12,0
conn_add_prob,0.3,V1,3,6,43.94113,-10.2876,4.9273,12,1
conn_add_prob,0.3,V1,4,0,-8.11793,-14.76882,1.05904,14,0
conn_add_prob,0.3,V1,4,1,9.45808,-13.66834,1.67003,14,0
conn_add_prob,0.3,V1,4,2,9.45808,-13.18469,2.06357,14,0
conn_add_prob,0.3,V1,4,3,9.45808,-13.02821,2.29897,14,0
conn_add_prob,0.3,V1,4,4,9.45808,-12.77324,2.56101,14,0
conn_add_prob,0.3,V1,4,5,9.94113,-12.65877,2.70054,14,0
conn_add_prob,0.3,V1,4,6,9.94113,-12.30867,3.18128,14,0
conn_add_prob,0.3,V1,4,7,9.94113,-11.86162,3.96778,14,0
conn_add_prob,0.3,V1,4,8,9.94113,-11.70823,4.24753,15,0
conn_add_prob,0.3,V1,4,9,9.94113,-11.35943,4.49684,15,0
conn_add_prob,0.3,V1,4,10,9.94113,-11.20236,4.62592,15,0
conn_add_prob,0.3,V1,4,11,9.94113,-10.83931,5.16737,15,0
conn_add_prob,0.3,V1,4,12,9.94113,-10.77714,4.92546,15,0
conn_add_prob,0.3,V1,4,13,9.94113,-10.61601,5.21954,15,0
conn_add_prob,0.3,V1,4,14,9.94113,-10.29792,5.54669,15,0
conn_add_prob,0.3,V1,4,15,9.94113,-10.278,5.30425,16,0
conn_add_prob,0.3,V1,4,16,9.94113,-10.51132,5.15401,16,0
conn_add_prob,0.3,V1,4,17,9.94113,-10.19326,5.32489,15,0
conn_add_prob,0.3,V1,4,18,9.94113,-9.96082,5.65697,15,0
conn_add_prob,0.3,V1,4,19,9.94113,-9.62971,5.53997,14,0
conn_add_prob,0.3,V1,4,20,9.94113,-9.8593,5.85685,14,0
conn_add_prob,0.3,V1,4,21,9.94113,-9.90496,5.59111,13,0
conn_add_prob,0.3,V1,4,22,9.94113,-9.15688,5.86563,13,0
conn_add_prob,0.3,V1,4,23,16.84113,-9.17636,6.16742,13,0
conn_add_prob,0.3,V1,4,24,16.84113,-9.18469,6.29405,11,0
conn_add_prob,0.3,V1,4,25,16.84113,-8.86205,6.54334,10,0
conn_add_prob,0.3,V1,4,26,16.84113,-9.08415,6.51039,9,0
conn_add_prob,0.3,V1,4,27,16.84113,-9.36426,6.33687,7,0
conn_add_prob,0.3,V1,4,28,16.84113,-8.74394,6.6969,8,0
conn_add_prob,0.3,V1,4,29,16.84113,-8.33151,7.30181,7,0
conn_add_prob,0.3,V1,4,30,16.84113,-7.96659,7.46513,8,0
conn_add_prob,0.3,V1,4,31,16.84113,-8.1512,7.51975,9,0
conn_add_prob,0.3,V1,4,32,16.84113,-8.28159,7.41108,11,0
conn_add_prob,0.3,V1,4,33,16.84113,-7.73383,7.3235,12,0
conn_add_prob,0.3,V1,4,34,16.84113,-7.64015,7.38877,14,0
conn_add_prob,0.3,V1,4,35,16.84113,-7.37158,7.47944,15,0
conn_add_prob,0.3,V1,4,36,16.84113,-7.04635,7.76467,15,0
conn_add_prob,0.3,V1,4,37,16.84113,-7.3886,7.64828,16,0
conn_add_prob,0.3,V1,4,38,16.84113,-7.34972,7.76698,17,0
conn_add_prob,0.3,V1,4,39,16.84113,-7.19131,7.80963,18,0
conn_add_prob,0.3,V1,4,40,16.84113,-7.564,7.72414,21,0
conn_add_prob,0.3,V1,4,41,16.84113,-7.3922,7.90861,21,0
conn_add_prob,0.3,V1,4,42,16.84113,-6.80833,8.22767,21,0
conn_add_prob,0.3,V1,4,43,16.84113,-6.69956,8.1715,21,0
conn_add_prob,0.3,V1,4,44,16.84113,-7.00104,8.24995,21,0
conn_add_prob,0.3,V1,4,45,16.84113,-6.58455,8.3659,22,0
conn_add_prob,0.3,V1,4,46,16.84113,-6.68225,8.23659,21,0
conn_add_prob,0.3,V1,4,47,16.84113,-6.27104,8.61439,19,0
conn_add_prob,0.3,V1,4,48,16.84113,-6.04435,8.73343,18,0
conn_add_prob,0.3,V1,4,49,16.84113,-6.00801,8.74185,16,0
conn_add_prob,0.3,V1,4,50,10.44113,-6.40178,8.35816,14,0
conn_add_prob,0.3,V1,4,51,20.94113,-5.9365,8.67075,14,0
conn_add_prob,0.3,V1,4,52,20.94113,-6.23563,8.60841,14,0
conn_add_prob,0.3,V1,4,53,20.94113,-6.18844,8.85666,15,0
conn_add_prob,0.3,V1,4,54,20.94113,-6.29761,8.77151,14,0
conn_add_prob,0.3,V1,4,55,20.94113,-6.13648,8.74404,15,0
conn_add_prob,0.3,V1,4,56,20.94113,-5.9116,8.9537,15,0
conn_add_prob,0.3,V1,4,57,20.94113,-6.16055,8.88669,13,0
conn_add_prob,0.3,V1,4,58,20.94113,-5.98926,9.04239,13,0
conn_add_prob,0.3,V1,4,59,20.94113,-5.27562,9.16478,13,0
conn_add_prob,0.3,V1,4,60,20.94113,-5.9609,9.01207,12,0
conn_add_prob,0.3,V1,4,61,20.94113,-6.08089,8.93675,13,0
conn_add_prob,0.3,V1,4,62,20.94113,-5.43005,9.14187,13,0
conn_add_prob,0.3,V1,4,63,20.94113,-5.35318,9.09184,13,0
conn_add_prob,0.3,V1,4,64,20.94113,-5.95971,9.02564,14,0
conn_add_prob,0.3,V1,4,65,20.94113,-5.11607,9.31338,13,0
conn_add_prob,0.3,V1,4,66,20.94113,-6.03068,9.02094,13,0
conn_add_prob,0.3,V1,4,67,20.94113,-5.78028,9.23134,12,0
conn_add_prob,0.3,V1,4,68,20.94113,-4.68263,9.73749,14,0
conn_add_prob,0.3,V1,4,69,20.94113,-5.58656,9.23686,14,0
conn_add_prob,0.3,V1,4,70,20.94113,-5.76655,9.13302,16,0
conn_add_prob,0.3,V1,4,71,20.94113,-5.37079,9.2256,16,0
conn_add_prob,0.3,V1,4,72,20.94113,-5.07371,9.69559,17,0
conn_add_prob,0.3,V1,4,73,20.94113,-5.2993,9.47834,16,0
conn_add_prob,0.3,V1,4,74,20.94113,-4.39888,9.75324,15,0
conn_add_prob,0.3,V1,4,75,20.94113,-4.41139,9.77734,17,0
conn_add_prob,0.3,V1,4,76,20.94113,-5.40562,9.55308,17,0
conn_add_prob,0.3,V1,4,77,20.94113,-4.61074,9.57578,18,0
conn_add_prob,0.3,V1,4,78,20.94113,-4.6363,9.61232,18,0
conn_add_prob,0.3,V1,4,79,20.94113,-3.87346,9.81186,18,0
conn_add_prob,0.3,V1,4,80,20.94113,-4.09975,9.772,18,0
conn_add_prob,0.3,V1,4,81,20.94113,-3.89956,9.67715,19,0
conn_add_prob,0.3,V1,4,82,9.94113,-4.39321,9.62951,20,0
conn_add_prob,0.3,V1,4,83,9.94113,-4.12545,9.71431,21,0
conn_add_prob,0.3,V1,4,84,9.94113,-3.98923,9.69079,20,0
conn_add_prob,0.3,V1,4,85,9.94113,-4.10711,9.69266,19,0
conn_add_prob,0.3,V1,4,86,9.94113,-4.24139,9.5708,20,0
conn_add_prob,0.3,V1,4,87,9.94113,-3.80105,9.59693,17,0
conn_add_prob,0.3,V1,4,88,9.94113,-3.96296,9.75119,16,0
conn_add_prob,0.3,V1,4,89,9.94113,-5.02972,9.46143,18,0
conn_add_prob,0.3,V1,4,90,9.94113,-4.86217,9.52912,19,0
conn_add_prob,0.3,V1,4,91,9.94113,-4.53136,9.76201,20,0
conn_add_prob,0.3,V1,4,92,9.94113,-4.15112,9.77878,21,0
conn_add_prob,0.3,V1,4,93,9.94113,-3.92103,9.931,19,0
conn_add_prob,0.3,V1,4,94,9.94113,-4.21174,9.86655,18,0
conn_add_prob,0.3,V1,4,95,9.94113,-4.29647,9.80141,17,0
conn_add_prob,0.3,V1,4,96,9.94113,-4.27502,10.05858,17,0
conn_add_prob,0.3,V1,4,97,9.94113,-4.17896,9.94985,18,0
conn_add_prob,0.3,V1,4,98,9.94113,-4.02958,9.92931,21,0
conn_add_prob,0.3,V1,4,99,9.94113,-3.81445,10.00233,20,0
conn_add_prob,0.3,V1,5,0,7.74113,-15.01455,1.46829,13,0
conn_add_prob,0.3,V1,5,1,7.74113,-13.87669,2.26294,13,0
conn_add_prob,0.3,V1,5,2,17.44211,-13.11892,3.21173,13,0
conn_add_prob,0.3,V1,5,3,17.44211,-12.4476,4.12114,13,0
conn_add_prob,0.3,V1,5,4,17.44211,-11.77753,4.5576,13,0
conn_add_prob,0.3,V1,5,5,17.44211,-10.9453,5.10449,13,0
conn_add_prob,0.3,V1,5,6,17.44211,-11.08845,5.0726,13,0
conn_add_prob,0.3,V1,5,7,17.44211,-10.91443,5.29271,13,0
conn_add_prob,0.3,V1,5,8,17.44211,-10.50719,5.7571,13,0
conn_add_prob,0.3,V1,5,9,17.44211,-10.43546,5.88332,13,0
conn_add_prob,0.3,V1,5,10,17.44211,-9.90691,6.62687,15,0
conn_add_prob,0.3,V1,5,11,17.44211,-9.10809,7.07363,16,0
conn_add_prob,0.3,V1,5,12,17.44211,-8.59999,7.50587,16,0
conn_add_prob,0.3,V1,5,13,17.44211,-8.33273,7.72795,18,0
conn_add_prob,0.3,V1,5,14,17.44211,-8.42561,8.0112,18,0
conn_add_prob,0.3,V1,5,15,17.44211,-8.32545,8.01709,18,0
conn_add_prob,0.3,V1,5,16,17.44211,-7.95547,8.04766,17,0
conn_add_prob,0.3,V1,5,17,43.94113,-7.32645,8.54696,18,1
conn_add_prob,0.3,V1,6,0,1.67316,-13.81401,2.8243,16,0
conn_add_prob,0.3,V1,6,1,9.85808,-10.89982,3.78245,16,0
conn_add_prob,0.3,V1,6,2,9.85808,-10.12164,3.81252,16,0
conn_add_prob,0.3,V1,6,3,11.74113,-9.81258,3.97359,16,0
conn_add_prob,0.3,V1,6,4,11.74113,-9.63984,4.29292,16,0
conn_add_prob,0.3,V1,6,5,15.53292,-9.50856,4.68114,16,0
conn_add_prob,0.3,V1,6,6,19.03557,-9.21538,4.97459,16,0
conn_add_prob,0.3,V1,6,7,19.03557,-8.85845,5.38999,16,0
conn_add_prob,0.3,V1,6,8,19.03557,-8.66558,5.15819,16,0
conn_add_prob,0.3,V1,6,9,19.03557,-8.72317,5.40454,17,0
conn_add_prob,0.3,V1,6,10,19.03557,-8.49689,5.65299,17,0
conn_add_prob,0.3,V1,6,11,19.03557,-8.51873,5.99661,18,0
conn_add_prob,0.3,V1,6,12,19.03557,-8.18085,5.91292,18,0
conn_add_prob,0.3,V1,6,13,19.03557,-7.99492,6.18907,21,0
conn_add_prob,0.3,V1,6,14,19.03557,-7.93085,6.35785,21,0
conn_add_prob,0.3,V1,6,15,19.03557,-7.81653,6.40386,21,0
conn_add_prob,0.3,V1,6,16,19.03557,-7.52216,6.61781,21,0
conn_add_prob,0.3,V1,6,17,43.94113,-7.65163,6.90681,22,1
conn_add_prob,0.3,V1,7,0,-9.28422,-15.05477,1.11755,13,0
conn_add_prob,0.3,V1,7,1,-3.8126,-13.97066,1.63694,13,0
conn_add_prob,0.3,V1,7,2,-3.0806,-13.39512,1.99892,13,0
conn_add_prob,0.3,V1,7,3,-3.0806,-13.10079,2.31853,13,0
conn_add_prob,0.3,V1,7,4,-2.43108,-12.99945,2.36325,13,0
conn_add_prob,0.3,V1,7,5,0.54214,-12.71936,2.89678,13,0
conn_add_prob,0.3,V1,7,6,1.33615,-12.26604,3.44885,13,0
conn_add_prob,0.3,V1,7,7,1.33615,-12.22194,3.60027,13,0
conn_add_prob,0.3,V1,7,8,1.33615,-12.20422,3.75497,13,0
conn_add_prob,0.3,V1,7,9,1.33615,-11.69961,4.12126,13,0
conn_add_prob,0.3,V1,7,10,2.13615,-11.18309,4.58161,13,0
conn_add_prob,0.3,V1,7,11,11.01098,-10.95723,4.829,13,0
conn_add_prob,0.3,V1,7,12,14.93002,-11.01102,5.00169,13,0
conn_add_prob,0.3,V1,7,13,14.93002,-10.56041,5.3719,14,0
conn_add_prob,0.3,V1,7,14,14.93002,-10.12988,5.34835,14,0
conn_add_prob,0.3,V1,7,15,14.93002,-10.20416,5.70855,14,0
conn_add_prob,0.3,V1,7,16,14.93002,-10.01688,5.70298,14,0
conn_add_prob,0.3,V1,7,17,14.93002,-9.61558,5.8421,14,0
conn_add_prob,0.3,V1,7,18,14.93002,-9.455,5.91072,14,0
conn_add_prob,0.3,V1,7,19,14.93002,-10.00759,5.91625,13,0
conn_add_prob,0.3,V1,7,20,14.93002,-9.42762,6.21664,14,0
conn_add_prob,0.3,V1,7,21,14.93002,-9.44269,6.36833,13,0
conn_add_prob,0.3,V1,7,22,14.93002,-9.19837,6.42858,13,0
conn_add_prob,0.3,V1,7,23,14.93002,-8.95872,6.41229,13,0
conn_add_prob,0.3,V1,7,24,14.93002,-9.32277,6.34943,12,0
conn_add_prob,0.3,V1,7,25,14.93002,-9.22967,6.62612,12,0
conn_add_prob,0.3,V1,7,26,14.93002,-8.59773,6.70549,13,0
conn_add_prob,0.3,V1,7,27,14.93002,-8.73167,6.49033,11,0
conn_add_prob,0.3,V1,7,28,14.93002,-9.27046,6.4266,10,0
conn_add_prob,0.3,V1,7,29,14.93002,-8.94183,6.38541,10,0
conn_add_prob,0.3,V1,7,30,14.93002,-8.36973,6.45939,8,0
conn_add_prob,0.3,V1,7,31,11.11098,-8.55361,6.41264,8,0
conn_add_prob,0.3,V1,7,32,11.11098,-8.47623,6.48108,8,0
conn_add_prob,0.3,V1,7,33,11.11098,-8.91451,6.61596,8,0
conn_add_prob,0.3,V1,7,34,11.11098,-8.11832,6.64645,8,0
conn_add_prob,0.3,V1,7,35,11.11098,-7.77512,7.00888,9,0
conn_add_prob,0.3,V1,7,36,11.11098,-8.47472,6.76702,10,0
conn_add_prob,0.3,V1,7,37,11.11098,-8.23984,6.748,10,0
conn_add_prob,0.3,V1,7,38,11.21098,-7.94466,6.74853,10,0
conn_add_prob,0.3,V1,7,39,11.21098,-7.71119,6.81357,9,0
conn_add_prob,0.3,V1,7,40,11.11098,-8.13683,6.66223,7,0
conn_add_prob,0.3,V1,7,41,11.11098,-7.87719,6.60269,7,0
conn_add_prob,0.3,V1,7,42,11.11098,-7.98848,6.39205,7,0
conn_add_prob,0.3,V1,7,43,11.11098,-7.98227,6.46401,7,0
conn_add_prob,0.3,V1,7,44,11.11098,-7.72267,6.30918,6,0
conn_add_prob,0.3,V1,7,45,11.21098,-7.37971,6.48502,8,0
conn_add_prob,0.3,V1,7,46,11.21098,-7.68878,6.2886,8,0
conn_add_prob,0.3,V1,7,47,11.21098,-7.49969,6.5503,9,0
conn_add_prob,0.3,V1,7,48,11.21098,-7.55211,6.69932,10,0
conn_add_prob,0.3,V1,7,49,11.21098,-7.42541,6.53179,10,0
conn_add_prob,0.3,V1,7,50,11.21098,-7.07937,6.42629,10,0
conn_add_prob,0.3,V1,7,51,11.21098,-7.83892,6.803,11,0
conn_add_prob,0.3,V1,7,52,11.21098,-7.72538,6.61131,10,0
conn_add_prob,0.3,V1,7,53,19.34113,-7.56878,6.63693,11,0
conn_add_prob,0.3,V1,7,54,19.34113,-7.85137,6.6518,11,0
conn_add_prob,0.3,V1,7,55,19.34113,-8.13732,6.72243,11,0
conn_add_prob,0.3,V1,7,56,19.34113,-7.90221,6.7534,11,0
conn_add_prob,0.3,V1,7,57,19.34113,-7.67619,6.78293,10,0
conn_add_prob,0.3,V1,7,58,19.34113,-7.10594,6.95574,10,0
conn_add_prob,0.3,V1,7,59,19.34113,-7.34816,7.3752,11,0
conn_add_prob,0.3,V1,7,60,19.34113,-7.15196,7.45618,12,0
conn_add_prob,0.3,V1,7,61,19.34113,-6.85929,7.35832,11,0
conn_add_prob,0.3,V1,7,62,19.34113,-6.84692,7.24381,11,0
conn_add_prob,0.3,V1,7,63,19.34113,-6.20838,7.45916,13,0
conn_add_prob,0.3,V1,7,64,19.34113,-6.30668,7.46589,15,0
conn_add_prob,0.3,V1,7,65,19.34113,-6.34891,7.50588,16,0
conn_add_prob,0.3,V1,7,66,19.34113,-6.30828,7.25209,17,0
conn_add_prob,0.3,V1,7,67,19.34113,-7.11511,7.36528,16,0
conn_add_prob,0.3,V1,7,68,19.34113,-6.37476,7.34507,17,0
conn_add_prob,0.3,V1,7,69,19.34113,-6.57396,7.06937,15,0
conn_add_prob,0.3,V1,7,70,19.34113,-6.80298,7.23401,15,0
conn_add_prob,0.3,V1,7,71,19.34113,-6.64437,7.21572,15,0
conn_add_prob,0.3,V1,7,72,19.34113,-6.39616,7.06506,19,0
conn_add_prob,0.3,V1,7,73,19.34113,-6.84113,7.23465,19,0
conn_add_prob,0.3,V1,7,74,19.34113,-6.79247,7.32091,20,0
conn_add_prob,0.3,V1,7,75,19.34113,-6.42163,7.49139,21,0
conn_add_prob,0.3,V1,7,76,15.44113,-6.90599,7.14499,19,0
conn_add_prob,0.3,V1,7,77,15.44113,-6.39192,7.13184,21,0
conn_add_prob,0.3,V1,7,78,15.44113,-6.41525,6.93169,20,0
conn_add_prob,0.3,V1,7,79,15.44113,-6.80146,7.03146,20,0
conn_add_prob,0.3,V1,7,80,15.44113,-6.96901,6.98273,22,0
conn_add_prob,0.3,V1,7,81,15.44113,-6.38452,6.6885,21,0
conn_add_prob,0.3,V1,7,82,15.44113,-6.77798,6.57566,23,0
conn_add_prob,0.3,V1,7,83,19.84113,-6.36968,6.59454,21,0
conn_add_prob,0.3,V1,7,84,19.84113,-6.5817,6.73246,22,0
conn_add_prob,0.3,V1,7,85,19.84113,-6.2441,6.55333,22,0
conn_add_prob,0.3,V1,7,86,19.84113,-6.64963,6.78061,23,0
conn_add_prob,0.3,V1,7,87,19.84113,-6.67287,6.73485,22,0
conn_add_prob,0.3,V1,7,88,19.84113,-6.06089,6.92354,23,0
conn_add_prob,0.3,V1,7,89,19.84113,-6.03436,6.82953,25,0
conn_add_prob,0.3,V1,7,90,19.84113,-6.16425,6.89368,24,0
conn_add_prob,0.3,V1,7,91,19.84113,-6.02748,7.02483,23,0
conn_add_prob,0.3,V1,7,92,20.04113,-6.20937,7.04667,25,0
conn_add_prob,0.3,V1,7,93,20.04113,-6.547,7.11189,23,0
conn_add_prob,0.3,V1,7,94,20.04113,-6.18102,7.28501,22,0
conn_add_prob,0.3,V1,7,95,20.04113,-5.89236,7.35776,21,0
conn_add_prob,0.3,V1,7,96,20.04113,-5.69228,7.37065,21,0
conn_add_prob,0.3,V1,7,97,20.04113,-5.6235,7.76988,19,0
conn_add_prob,0.3,V1,7,98,20.04113,-5.47213,7.97909,18,0
conn_add_prob,0.3,V1,7,99,20.04113,-5.84811,7.86413,13,0
conn_add_prob,0.3,V1,8,0,-4.14206,-14.58685,2.17398,15,0
conn_add_prob,0.3,V1,8,1,-4.14206,-12.50966,2.91765,15,0
conn_add_prob,0.3,V1,8,2,8.84113,-11.67783,2.92823,15,0
conn_add_prob,0.3,V1,8,3,8.84113,-11.58997,3.04482,15,0
conn_add_prob,0.3,V1,8,4,8.84113,-11.37059,3.04084,15,0
conn_add_prob,0.3,V1,8,5,8.84113,-11.36429,3.21077,15,0
conn_add_prob,0.3,V1,8,6,9.44113,-11.21393,3.40645,15,0
conn_add_prob,0.3,V1,8,7,9.44113,-11.38633,3.73034,15,0
conn_add_prob,0.3,V1,8,8,9.44113,-11.36486,3.88694,16,0
conn_add_prob,0.3,V1,8,9,16.51017,-10.89584,4.44546,16,0
conn_add_prob,0.3,V1,8,10,16.51017,-10.83247,4.912,16,0
conn_add_prob,0.3,V1,8,11,16.51017,-10.33098,5.44512,16,0
conn_add_prob,0.3,V1,8,12,16.51017,-10.29946,6.06036,16,0
conn_add_prob,0.3,V1,8,13,19.57885,-9.39172,6.97331,17,0
conn_add_prob,0.3,V1,8,14,19.57885,-8.92758,7.75869,18,0
conn_add_prob,0.3,V1,8,15,19.57885,-8.00244,8.3357,18,0
conn_add_prob,0.3,V1,8,16,19.57885,-7.2887,8.97632,19,0
conn_add_prob,0.3,V1,8,17,19.57885,-6.3322,9.86594,19,0
conn_add_prob,0.3,V1,8,18,19.57885,-5.51178,9.91744,19,0
conn_add_prob,0.3,V1,8,19,43.94113,-5.34684,10.22026,18,1
conn_add_prob,0.3,V1,9,0,-5.23875,-13.92328,2.73609,13,0
conn_add_prob,0.3,V1,9,1,5.54113,-11.02729,3.71326,13,0
conn_add_prob,0.3,V1,9,2,5.54113,-9.94799,3.65938,13,0
conn_add_prob,0.3,V1,9,3,5.54113,-9.5862,3.72965,13,0
conn_add_prob,0.3,V1,9,4,18.51802,-9.37957,3.99758,13,0
conn_add_prob,0.3,V1,9,5,18.51802,-9.03849,4.50334,14,0
conn_add_prob,0.3,V1,9,6,43.94113,-8.5456,5.15386,14,1
conn_add_prob,0.7,V1,0,0,-5.59773,-14.33313,1.55878,14,0
conn_add_prob,0.7,V1,0,1,-5.09773,-13.20552,1.73454,14,0
conn_add_prob,0.7,V1,0,2,-5.09773,-12.83523,1.64329,14,0
conn_add_prob,0.7,V1,0,3,-5.09773,-12.75195,1.56264,14,0
conn_add_prob,0.7,V1,0,4,-5.09773,-12.64584,1.61544,14,0
conn_add_prob,0.7,V1,0,5,-5.09773,-12.54923,1.66826,14,0
conn_add_prob,0.7,V1,0,6,-4.79773,-12.46742,1.71482,14,0
conn_add_prob,0.7,V1,0,7,-4.79773,-12.45601,1.79212,14,0
conn_add_prob,0.7,V1,0,8,-4.5571,-12.48629,1.82167,14,0
conn_add_prob,0.7,V1,0,9,-4.5571,-12.5466,1.94719,14,0
conn_add_prob,0.7,V1,0,10,-4.5571,-12.47084,1.87006,14,0
conn_add_prob,0.7,V1,0,11,-4.5571,-12.32365,1.85079,14,0
conn_add_prob,0.7,V1,0,12,-4.5571,-12.41131,1.88122,14,0
conn_add_prob,0.7,V1,0,13,-4.5571,-12.54955,1.98897,14,0
conn_add_prob,0.7,V1,0,14,-4.5571,-12.35459,1.99639,14,0
conn_add_prob,0.7,V1,0,15,2.30204,-12.23656,2.10105,14,0
conn_add_prob,0.7,V1,0,16,2.30204,-12.27489,2.00474,13,0
conn_add_prob,0.7,V1,0,17,2.30204,-12.24728,2.03712,12,0
conn_add_prob,0.7,V1,0,18,2.30204,-12.04154,2.00701,11,0
conn_add_prob,0.7,V1,0,19,2.30204,-11.96304,2.12165,11,0
conn_add_prob,0.7,V1,0,20,2.30204,-12.01929,1.9346,10,0
conn_add_prob,0.7,V1,0,21,2.30204,-11.87377,2.09779,10,0
conn_add_prob,0.7,V1,0,22,2.30204,-12.12694,2.20994,10,0
conn_add_prob,0.7,V1,0,23,9.24113,-12.07355,2.24428,10,0
conn_add_prob,0.7,V1,0,24,43.94113,-11.9978,2.89855,9,1
conn_add_prob,0.7,V1,1,0,0.31733,-14.58927,1.34851,12,0
conn_add_prob,0.7,V1,1,1,0.31733,-13.57184,1.71738,12,0
conn_add_prob,0.7,V1,1,2,2.35958,-13.26824,1.98046,12,0
conn_add_prob,0.7,V1,1,3,4.44113,-13.27904,1.99059,13,0
conn_add_prob,0.7,V1,1,4,4.44113,-12.94622,2.3132,13,0
conn_add_prob,0.7,V1,1,5,7.04113,-12.99535,2.38645,13,0
conn_add_prob,0.7,V1,1,6,7.04113,-12.68267,2.71339,13,0
conn_add_prob,0.7,V1,1,7,7.04113,-12.33066,3.11453,14,0
conn_add_prob,0.7,V1,1,8,7.04113,-12.2067,3.38735,14,0
conn_add_prob,0.7,V1,1,9,7.04113,-11.82723,3.63078,15,0
conn_add_prob,0.7,V1,1,10,7.04113,-11.95671,3.69588,15,0
conn_add_prob,0.7,V1,1,11,7.60546,-11.80334,3.81738,16,0
conn_add_prob,0.7,V1,1,12,20.94113,-11.42845,4.13797,16,0
conn_add_prob,0.7,V1,1,13,20.94113,-11.22569,4.3325,16,0
conn_add_prob,0.7,V1,1,14,20.94113,-10.62145,4.82577,16,0
conn_add_prob,0.7,V1,1,15,20.94113,-10.56049,4.90658,16,0
conn_add_prob,0.7,V1,1,16,20.94113,-10.40414,5.0458,16,0
conn_add_prob,0.7,V1,1,17,20.94113,-10.22427,5.1375,16,0
conn_add_prob,0.7,V1,1,18,20.94113,-10.01057,5.30026,16,0
conn_add_prob,0.7,V1,1,19,20.94113,-9.74115,5.31887,15,0
conn_add_prob,0.7,V1,1,20,20.94113,-9.81387,5.38142,16,0
conn_add_prob,0.7,V1,1,21,20.94113,-9.65921,5.47495,17,0
conn_add_prob,0.7,V1,1,22,20.94113,-9.5591,5.58462,17,0
conn_add_prob,0.7,V1,1,23,43.94113,-9.29261,5.78738,16,1
conn_add_prob,0.7,V1,2,0,-6.80768,-14.67442,1.10739,13,0
conn_add_prob,0.7,V1,2,1,2.94932,-13.86797,1.23672,13,0
conn_add_prob,0.7,V1,2,2,3.53647,-13.68425,1.67958,13,0
conn_add_prob,0.7,V1,2,3,3.53647,-13.33508,2.35807,13,0
conn_add_prob,0.7,V1,2,4,3.53647,-13.1962,2.48612,13,0
conn_add_prob,0.7,V1,2,5,3.53647,-13.1463,2.59273,14,0
conn_add_prob,0.7,V1,2,6,3.53647,-12.82563,3.34545,15,0
conn_add_prob,0.7,V1,2,7,8.53488,-12.32245,4.10144,15,0
conn_add_prob,0.7,V1,2,8,8.53488,-11.96686,4.67912,15,0
conn_add_prob,0.7,V1,2,9,8.53488,-11.76926,4.84945,15,0
conn_add_prob,0.7,V1,2,10,14.74113,-11.36091,5.54928,15,0
conn_add_prob,0.7,V1,2,11,14.74113,-11.02506,5.91512,16,0
conn_add_prob,0.7,V1,2,12,14.74113,-10.57591,6.31283,16,0
conn_add_prob,0.7,V1,2,13,14.74113,-9.8549,6.80066,16,0
conn_add_prob,0.7,V1,2,14,14.74113,-9.54302,7.1001,16,0
conn_add_prob,0.7,V1,2,15,14.74113,-8.84215,7.55188,17,0
conn_add_prob,0.7,V1,2,16,14.74113,-9.10514,7.54103,17,0
conn_add_prob,0.7,V1,2,17,17.64113,-8.54869,7.8574,18,0
conn_add_prob,0.7,V1,2,18,17.64113,-8.7122,7.73885,17,0
conn_add_prob,0.7,V1,2,19,17.64113,-7.82422,8.14501,17,0
conn_add_prob,0.7,V1,2,20,17.64113,-7.8333,8.21185,16,0
conn_add_prob,0.7,V1,2,21,17.64113,-7.89707,8.1755,17,0
conn_add_prob,0.7,V1,2,22,17.64113,-7.73871,8.26012,17,0
conn_add_prob,0.7,V1,2,23,17.64113,-7.59542,8.31352,17,0
conn_add_prob,0.7,V1,2,24,43.94113,-8.07497,8.42694,17,1
conn_add_prob,0.7,V1,3,0,-0.3744,-14.44937,2.43218,12,0
conn_add_prob,0.7,V1,3,1,14.17887,-12.24022,3.39278,12,0
conn_add_prob,0.7,V1,3,2,14.17887,-10.8758,3.60347,12,0
conn_add_prob,0.7,V1,3,3,14.17887,-10.59298,3.79808,12,0
conn_add_prob,0.7,V1,3,4,14.17887,-10.36044,4.0384,12,0
conn_add_prob,0.7,V1,3,5,14.17887,-10.18917,4.74825,12,0
conn_add_prob,0.7,V1,3,6,14.17887,-9.92041,5.25368,12,0
conn_add_prob,0.7,V1,3,7,19.9127,-9.0227,6.22251,12,0
conn_add_prob,0.7,V1,3,8,19.9127,-8.82169,6.87252,13,0
conn_add_prob,0.7,V1,3,9,19.9127,-7.90694,7.45839,13,0
conn_add_prob,0.7,V1,3,10,43.94113,-7.24526,8.30872,13,1
conn_add_prob,0.7,V1,4,0,-8.11793,-14.76882,1.05904,14,0
conn_add_prob,0.7,V1,4,1,6.17506,-13.70949,1.71716,14,0
conn_add_prob,0.7,V1,4,2,6.17506,-13.22847,1.8385,14,0
conn_add_prob,0.7,V1,4,3,6.17506,-13.02422,2.04947,14,0
conn_add_prob,0.7,V1,4,4,6.17506,-12.8999,2.25254,14,0
conn_add_prob,0.7,V1,4,5,6.30838,-12.72468,2.50793,14,0
conn_add_prob,0.7,V1,4,6,7.3233,-12.45294,2.87145,14,0
conn_add_prob,0.7,V1,4,7,10.14113,-12.1029,3.66486,14,0
conn_add_prob,0.7,V1,4,8,10.14113,-11.75194,4.15547,14,0
conn_add_prob,0.7,V1,4,9,10.14113,-11.50495,4.46379,14,0
conn_add_prob,0.7,V1,4,10,10.14113,-11.2522,4.59888,14,0
conn_add_prob,0.7,V1,4,11,10.14113,-10.92747,4.95622,14,0
conn_add_prob,0.7,V1,4,12,10.14113,-10.75657,5.10575,14,0
conn_add_prob,0.7,V1,4,13,10.14113,-10.88555,5.08137,14,0
conn_add_prob,0.7,V1,4,14,43.94113,-10.49812,5.43003,14,1
conn_add_prob,0.7,V1,5,0,7.74113,-15.01455,1.46829,13,0
conn_add_prob,0.7,V1,5,1,7.74113,-13.94908,2.20009,13,0
conn_add_prob,0.7,V1,5,2,17.44211,-13.15612,3.03284,13,0
conn_add_prob,0.7,V1,5,3,17.44211,-12.7671,3.7142,14,0
conn_add_prob,0.7,V1,5,4,43.94113,-12.47095,4.40312,14,1
conn_add_prob,0.7,V1,6,0,1.67316,-13.81401,2.8243,16,0
conn_add_prob,0.7,V1,6,1,1.67316,-10.66549,3.77384,16,0
conn_add_prob,0.7,V1,6,2,1.67316,-10.19312,3.6981,16,0
conn_add_prob,0.7,V1,6,3,4.43991,-9.83303,3.58017,16,0
conn_add_prob,0.7,V1,6,4,12.40714,-9.58016,4.04698,16,0
conn_add_prob,0.7,V1,6,5,12.40714,-9.81522,4.0869,16,0
conn_add_prob,0.7,V1,6,6,16.54113,-9.48081,4.39767,16,0
conn_add_prob,0.7,V1,6,7,16.54113,-9.34005,4.48673,18,0
conn_add_prob,0.7,V1,6,8,18.06899,-9.12013,4.79957,18,0
conn_add_prob,0.7,V1,6,9,18.06899,-9.06325,5.11193,19,0
conn_add_prob,0.7,V1,6,10,18.06899,-8.7107,5.09589,21,0
conn_add_prob,0.7,V1,6,11,18.06899,-8.70067,5.12898,22,0
conn_add_prob,0.7,V1,6,12,18.06899,-8.52265,5.19937,22,0
conn_add_prob,0.7,V1,6,13,18.06899,-8.47298,5.68905,22,0
conn_add_prob,0.7,V1,6,14,19.03557,-8.11199,6.05864,22,0
conn_add_prob,0.7,V1,6,15,19.03557,-7.62791,6.53648,22,0
conn_add_prob,0.7,V1,6,16,19.03557,-7.8819,6.46829,22,0
conn_add_prob,0.7,V1,6,17,19.13557,-7.22615,7.08595,22,0
conn_add_prob,0.7,V1,6,18,19.23557,-7.12946,7.3138,22,0
conn_add_prob,0.7,V1,6,19,19.23557,-6.93942,7.0091,22,0
conn_add_prob,0.7,V1,6,20,19.23557,-7.04952,7.32272,21,0
conn_add_prob,0.7,V1,6,21,19.23557,-7.30856,7.18254,21,0
conn_add_prob,0.7,V1,6,22,43.94113,-7.18994,7.40923,20,1
conn_add_prob,0.7,V1,7,0,-9.28422,-15.05477,1.11755,13,0
conn_add_prob,0.7,V1,7,1,-3.0806,-13.90296,1.69171,13,0
conn_add_prob,0.7,V1,7,2,11.01098,-13.40657,2.10857,13,0
conn_add_prob,0.7,V1,7,3,11.01098,-13.19432,2.29365,13,0
conn_add_prob,0.7,V1,7,4,11.01098,-12.97914,2.64157,13,0
conn_add_prob,0.7,V1,7,5,11.01098,-12.94483,2.8498,13,0
conn_add_prob,0.7,V1,7,6,11.01098,-12.68147,3.38425,13,0
conn_add_prob,0.7,V1,7,7,13.24113,-12.34015,3.82148,15,0
conn_add_prob,0.7,V1,7,8,13.24113,-11.82222,4.28797,15,0
conn_add_prob,0.7,V1,7,9,13.24113,-11.81959,4.41636,15,0
conn_add_prob,0.7,V1,7,10,13.24113,-11.21678,4.89723,15,0
conn_add_prob,0.7,V1,7,11,13.24113,-10.95134,5.0459,15,0
conn_add_prob,0.7,V1,7,12,13.24113,-10.30609,5.36584,15,0
conn_add_prob,0.7,V1,7,13,13.24113,-10.25765,5.47853,15,0
conn_add_prob,0.7,V1,7,14,14.93002,-9.90314,5.61866,15,0
conn_add_prob,0.7,V1,7,15,14.93002,-9.8141,5.8831,15,0
conn_add_prob,0.7,V1,7,16,14.93002,-9.30542,6.04271,15,0
conn_add_prob,0.7,V1,7,17,14.93002,-8.81101,6.31212,14,0
conn_add_prob,0.7,V1,7,18,14.93002,-8.43333,6.36,13,0
conn_add_prob,0.7,V1,7,19,14.93002,-8.78557,6.63169,14,0
conn_add_prob,0.7,V1,7,20,14.93002,-8.22645,6.93648,13,0
conn_add_prob,0.7,V1,7,21,14.93002,-8.07585,7.1638,12,0
conn_add_prob,0.7,V1,7,22,14.93002,-7.61081,7.54198,12,0
conn_add_prob,0.7,V1,7,23,14.93002,-6.57212,7.74868,11,0
conn_add_prob,0.7,V1,7,24,14.93002,-6.39895,7.6407,11,0
conn_add_prob,0.7,V1,7,25,14.93002,-5.81542,8.03932,12,0
conn_add_prob,0.7,V1,7,26,14.93002,-6.04473,8.41647,13,0
conn_add_prob,0.7,V1,7,27,14.93002,-5.53821,8.10758,13,0
conn_add_prob,0.7,V1,7,28,14.93002,-5.76555,7.93582,13,0
conn_add_prob,0.7,V1,7,29,14.93002,-5.81305,8.15342,13,0
conn_add_prob,0.7,V1,7,30,20.04113,-5.75153,8.25341,11,0
conn_add_prob,0.7,V1,7,31,20.04113,-5.72763,8.36172,11,0
conn_add_prob,0.7,V1,7,32,20.04113,-4.9851,8.41941,9,0
conn_add_prob,0.7,V1,7,33,20.04113,-3.96703,8.72007,10,0
conn_add_prob,0.7,V1,7,34,20.04113,-4.01401,9.04194,10,0
conn_add_prob,0.7,V1,7,35,20.04113,-3.60158,9.02912,10,0
conn_add_prob,0.7,V1,7,36,20.04113,-4.03014,9.03506,12,0
conn_add_prob,0.7,V1,7,37,20.04113,-3.97022,8.96882,12,0
conn_add_prob,0.7,V1,7,38,20.04113,-3.98296,9.07153,12,0
conn_add_prob,0.7,V1,7,39,20.04113,-4.22802,9.22158,11,0
conn_add_prob,0.7,V1,7,40,20.04113,-3.88658,9.16742,11,0
conn_add_prob,0.7,V1,7,41,20.04113,-3.79884,9.54391,9,0
conn_add_prob,0.7,V1,7,42,20.04113,-3.14734,9.6732,9,0
conn_add_prob,0.7,V1,7,43,20.04113,-3.70558,9.6717,10,0
conn_add_prob,0.7,V1,7,44,20.04113,-4.03986,9.83802,10,0
conn_add_prob,0.7,V1,7,45,20.04113,-3.56014,9.61279,11,0
conn_add_prob,0.7,V1,7,46,20.04113,-2.99939,10.00019,10,0
conn_add_prob,0.7,V1,7,47,20.04113,-3.16962,9.46717,10,0
conn_add_prob,0.7,V1,7,48,20.04113,-3.93651,9.70895,9,0
conn_add_prob,0.7,V1,7,49,20.04113,-3.19722,9.82291,11,0
conn_add_prob,0.7,V1,7,50,20.04113,-3.48524,9.91344,11,0
conn_add_prob,0.7,V1,7,51,20.04113,-3.24966,9.68046,12,0
conn_add_prob,0.7,V1,7,52,20.04113,-3.10819,10.18195,13,0
conn_add_prob,0.7,V1,7,53,20.04113,-2.64582,10.30001,14,0
conn_add_prob,0.7,V1,7,54,19.84113,-2.19987,10.03629,13,0
conn_add_prob,0.7,V1,7,55,19.84113,-2.79351,10.04969,12,0
conn_add_prob,0.7,V1,7,56,19.84113,-2.78007,9.98905,18,0
conn_add_prob,0.7,V1,7,57,19.84113,-1.78538,10.20493,18,0
conn_add_prob,0.7,V1,7,58,19.84113,-1.71329,10.39949,19,0
conn_add_prob,0.7,V1,7,59,19.84113,-0.70284,10.73741,19,0
conn_add_prob,0.7,V1,7,60,19.84113,-1.18042,11.03972,19,0
conn_add_prob,0.7,V1,7,61,19.84113,-1.98382,11.0538,19,0
conn_add_prob,0.7,V1,7,62,19.84113,-1.19685,11.14477,18,0
conn_add_prob,0.7,V1,7,63,19.84113,-1.24662,10.95112,19,0
conn_add_prob,0.7,V1,7,64,19.84113,-1.87846,10.99941,18,0
conn_add_prob,0.7,V1,7,65,19.84113,-2.34697,10.82093,18,0
conn_add_prob,0.7,V1,7,66,19.84113,-1.92045,11.05256,19,0
conn_add_prob,0.7,V1,7,67,19.84113,-1.69927,11.06925,17,0
conn_add_prob,0.7,V1,7,68,19.84113,-1.09287,11.24292,18,0
conn_add_prob,0.7,V1,7,69,19.84113,-1.54049,11.63077,18,0
conn_add_prob,0.7,V1,7,70,19.84113,-1.20657,11.03976,20,0
conn_add_prob,0.7,V1,7,71,19.84113,-0.78106,11.62826,18,0
conn_add_prob,0.7,V1,7,72,19.84113,-1.06043,11.66446,17,0
conn_add_prob,0.7,V1,7,73,19.84113,-1.05269,11.65783,15,0
conn_add_prob,0.7,V1,7,74,19.84113,-1.16739,11.69497,16,0
conn_add_prob,0.7,V1,7,75,19.84113,-1.8917,11.43445,16,0
conn_add_prob,0.7,V1,7,76,19.84113,-1.40475,11.65834,14,0
conn_add_prob,0.7,V1,7,77,19.84113,-0.80519,11.64636,14,0
conn_add_prob,0.7,V1,7,78,19.84113,-1.51286,11.64671,14,0
conn_add_prob,0.7,V1,7,79,19.84113,-1.35998,11.87183,14,0
conn_add_prob,0.7,V1,7,80,19.84113,-0.97642,11.68091,15,0
conn_add_prob,0.7,V1,7,81,19.84113,-1.18893,11.88154,16,0
conn_add_prob,0.7,V1,7,82,19.84113,-0.87363,11.91782,16,0
conn_add_prob,0.7,V1,7,83,20.04113,-1.57548,11.96385,17,0
conn_add_prob,0.7,V1,7,84,20.04113,-1.03292,11.79746,17,0
conn_add_prob,0.7,V1,7,85,20.04113,-1.0498,11.92801,18,0
conn_add_prob,0.7,V1,7,86,20.04113,-1.05352,12.142,21,0
conn_add_prob,0.7,V1,7,87,20.04113,-0.47724,12.19193,20,0
conn_add_prob,0.7,V1,7,88,20.04113,0.22431,12.43191,19,0
conn_add_prob,0.7,V1,7,89,20.04113,-0.13662,12.49946,19,0
conn_add_prob,0.7,V1,7,90,20.04113,-0.70552,12.69744,17,0
conn_add_prob,0.7,V1,7,91,20.04113,-1.3003,12.39625,15,0
conn_add_prob,0.7,V1,7,92,20.04113,-1.09417,11.99498,15,0
conn_add_prob,0.7,V1,7,93,20.04113,-0.18164,12.06477,16,0
conn_add_prob,0.7,V1,7,94,20.04113,-0.19404,11.99005,19,0
conn_add_prob,0.7,V1,7,95,20.04113,0.30962,12.39628,19,0
conn_add_prob,0.7,V1,7,96,20.04113,-1.24628,12.08085,21,0
conn_add_prob,0.7,V1,7,97,20.04113,-0.29643,12.10023,21,0
conn_add_prob,0.7,V1,7,98,20.04113,0.32746,12.49087,23,0
conn_add_prob,0.7,V1,7,99,20.04113,-0.01633,12.76527,22,0
conn_add_prob,0.7,V1,8,0,-4.14206,-14.58685,2.17398,15,0
conn_add_prob,0.7,V1,8,1,8.84113,-12.38166,3.0382,15,0
conn_add_prob,0.7,V1,8,2,8.84113,-11.78262,3.11818,15,0
conn_add_prob,0.7,V1,8,3,8.84113,-11.65753,3.22908,15,0
conn_add_prob,0.7,V1,8,4,8.84113,-11.20682,3.24933,16,0
conn_add_prob,0.7,V1,8,5,8.84113,-11.40805,3.43147,16,0
conn_add_prob,0.7,V1,8,6,8.84113,-11.132,3.67157,16,0
conn_add_prob,0.7,V1,8,7,9.24113,-10.99804,4.15392,16,0
conn_add_prob,0.7,V1,8,8,9.24113,-10.57178,4.96435,16,0
conn_add_prob,0.7,V1,8,9,9.24113,-10.48131,5.08118,16,0
conn_add_prob,0.7,V1,8,10,9.24113,-10.13676,5.61143,16,0
conn_add_prob,0.7,V1,8,11,9.24113,-9.67811,6.59385,16,0
conn_add_prob,0.7,V1,8,12,9.24113,-9.08168,7.17952,16,0
conn_add_prob,0.7,V1,8,13,19.57885,-8.67087,7.9713,16,0
conn_add_prob,0.7,V1,8,14,19.57885,-7.66037,8.6982,17,0
conn_add_prob,0.7,V1,8,15,19.57885,-6.47762,9.42359,17,0
conn_add_prob,0.7,V1,8,16,19.57885,-6.62314,9.67593,17,0
conn_add_prob,0.7,V1,8,17,19.57885,-5.50388,10.17654,17,0
conn_add_prob,0.7,V1,8,18,19.57885,-5.60431,10.17292,18,0
conn_add_prob,0.7,V1,8,19,19.57885,-5.00288,10.35753,18,0
conn_add_prob,0.7,V1,8,20,19.57885,-4.32141,10.36459,18,0
conn_add_prob,0.7,V1,8,21,19.57885,-4.11547,10.70087,16,0
conn_add_prob,0.7,V1,8,22,19.57885,-3.71797,10.90645,16,0
conn_add_prob,0.7,V1,8,23,19.57885,-3.17863,10.98449,17,0
conn_add_prob,0.7,V1,8,24,19.57885,-2.55877,10.97086,17,0
conn_add_prob,0.7,V1,8,25,19.57885,-2.21677,11.07964,17,0
conn_add_prob,0.7,V1,8,26,19.57885,-2.50885,11.1663,17,0
conn_add_prob,0.7,V1,8,27,19.57885,-2.87866,11.03976,16,0
conn_add_prob,0.7,V1,8,28,21.24113,-2.58882,11.17475,16,0
conn_add_prob,0.7,V1,8,29,21.24113,-2.73399,11.06964,14,0
conn_add_prob,0.7,V1,8,30,21.24113,-2.25314,11.10266,12,0
conn_add_prob,0.7,V1,8,31,21.24113,-1.83603,11.12165,11,0
conn_add_prob,0.7,V1,8,32,21.24113,-1.89674,11.20941,10,0
conn_add_prob,0.7,V1,8,33,21.24113,-1.64699,11.13265,10,0
conn_add_prob,0.7,V1,8,34,21.24113,-2.19091,11.20975,10,0
conn_add_prob,0.7,V1,8,35,21.24113,-1.49369,11.26944,11,0
conn_add_prob,0.7,V1,8,36,21.24113,-0.89049,11.21406,11,0
conn_add_prob,0.7,V1,8,37,21.24113,-1.86797,11.24759,10,0
conn_add_prob,0.7,V1,8,38,21.24113,-0.76059,11.12832,11,0
conn_add_prob,0.7,V1,8,39,21.24113,-0.28168,11.14595,12,0
conn_add_prob,0.7,V1,8,40,21.24113,-0.73574,11.19338,11,0
conn_add_prob,0.7,V1,8,41,21.24113,-0.97321,11.33386,11,0
conn_add_prob,0.7,V1,8,42,21.24113,-0.88539,11.27416,12,0
conn_add_prob,0.7,V1,8,43,21.24113,-1.31489,11.38817,12,0
conn_add_prob,0.7,V1,8,44,21.24113,-0.6718,11.21632,12,0
conn_add_prob,0.7,V1,8,45,15.44113,-0.55574,11.14915,11,0
conn_add_prob,0.7,V1,8,46,15.44113,-0.61072,11.33546,10,0
conn_add_prob,0.7,V1,8,47,10.22742,-0.82581,11.27528,8,0
conn_add_prob,0.7,V1,8,48,10.22742,-0.62967,11.29527,8,0
conn_add_prob,0.7,V1,8,49,10.22742,0.79243,10.91906,8,0
conn_add_prob,0.7,V1,8,50,10.22742,0.22668,10.94824,6,0
conn_add_prob,0.7,V1,8,51,10.22742,0.17176,10.99904,7,0
conn_add_prob,0.7,V1,8,52,10.22742,0.16495,11.14599,6,0
conn_add_prob,0.7,V1,8,53,10.22742,1.12559,10.82112,5,0
conn_add_prob,0.7,V1,8,54,10.22742,1.2118,10.76959,6,0
conn_add_prob,0.7,V1,8,55,10.22742,0.38703,11.00213,5,0
conn_add_prob,0.7,V1,8,56,10.22742,1.68795,10.54555,10,0
conn_add_prob,0.7,V1,8,57,10.22742,1.04472,10.84424,11,0
conn_add_prob,0.7,V1,8,58,10.22742,0.37198,10.99265,13,0
conn_add_prob,0.7,V1,8,59,10.22742,-0.12608,11.18849,13,0
conn_add_prob,0.7,V1,8,60,10.22742,0.17119,11.20453,12,0
conn_add_prob,0.7,V1,8,61,10.22742,0.42189,11.07467,13,0
conn_add_prob,0.7,V1,8,62,10.22742,-0.12298,11.27262,13,0
conn_add_prob,0.7,V1,8,63,10.22742,0.84736,10.89128,15,0
conn_add_prob,0.7,V1,8,64,10.22742,0.79287,10.85179,19,0
conn_add_prob,0.7,V1,8,65,10.22742,0.92565,10.8172,20,0
conn_add_prob,0.7,V1,8,66,10.22742,0.48401,10.85485,20,0
conn_add_prob,0.7,V1,8,67,10.22742,0.71572,10.99345,21,0
conn_add_prob,0.7,V1,8,68,10.22742,1.92829,10.55974,21,0
conn_add_prob,0.7,V1,8,69,10.22742,1.4768,10.76715,22,0
conn_add_prob,0.7,V1,8,70,10.22742,1.6439,10.65999,21,0
conn_add_prob,0.7,V1,8,71,10.22742,1.22159,10.88567,22,0
conn_add_prob,0.7,V1,8,72,9.84113,1.04821,10.90074,18,0
conn_add_prob,0.7,V1,8,73,9.84113,1.19182,10.76886,18,0
conn_add_prob,0.7,V1,8,74,9.84113,0.5371,10.93558,15,0
conn_add_prob,0.7,V1,8,75,9.84113,0.98004,10.86398,15,0
conn_add_prob,0.7,V1,8,76,9.84113,1.08878,10.75105,16,0
conn_add_prob,0.7,V1,8,77,9.84113,0.54487,11.04397,18,0
conn_add_prob,0.7,V1,8,78,9.84113,1.17336,10.80617,21,0
conn_add_prob,0.7,V1,8,79,9.84113,1.72168,10.63199,22,0
conn_add_prob,0.7,V1,8,80,9.84113,1.39519,10.7349,20,0
conn_add_prob,0.7,V1,8,81,9.84113,1.1953,10.74632,22,0
conn_add_prob,0.7,V1,8,82,11.99125,1.26045,10.73826,23,0
conn_add_prob,0.7,V1,8,83,11.99125,0.87613,10.82262,22,0
conn_add_prob,0.7,V1,8,84,11.99125,2.08103,10.36494,22,0
conn_add_prob,0.7,V1,8,85,11.99125,1.48564,10.59502,20,0
conn_add_prob,0.7,V1,8,86,11.99125,1.10273,10.81265,20,0
conn_add_prob,0.7,V1,8,87,11.99125,0.45172,10.96745,21,0
conn_add_prob,0.7,V1,8,88,11.99125,0.40515,10.90768,19,0
conn_add_prob,0.7,V1,8,89,11.99125,0.37461,11.0875,19,0
conn_add_prob,0.7,V1,8,90,11.99125,1.22864,10.80066,20,0
conn_add_prob,0.7,V1,8,91,11.99125,1.24136,10.84406,21,0
conn_add_prob,0.7,V1,8,92,11.99125,1.33936,10.75416,20,0
conn_add_prob,0.7,V1,8,93,11.99125,1.27952,10.70139,17,0
conn_add_prob,0.7,V1,8,94,11.99125,2.16171,10.3441,15,0
conn_add_prob,0.7,V1,8,95,11.99125,2.73057,9.98422,15,0
conn_add_prob,0.7,V1,8,96,11.99125,1.38871,10.68771,14,0
conn_add_prob,0.7,V1,8,97,11.99125,2.29225,10.23395,14,0
conn_add_prob,0.7,V1,8,98,9.79953,1.62819,10.53774,13,0
conn_add_prob,0.7,V1,8,99,9.79953,2.068,10.43483,12,0
conn_add_prob,0.7,V1,9,0,-5.23875,-13.92328,2.73609,13,0
conn_add_prob,0.7,V1,9,1,1.76746,-11.07775,3.70214,13,0
conn_add_prob,0.7,V1,9,2,9.39201,-9.98601,3.76461,13,0
conn_add_prob,0.7,V1,9,3,15.44113,-9.57858,4.04984,13,0
conn_add_prob,0.7,V1,9,4,15.44113,-9.3095,4.25069,13,0
conn_add_prob,0.7,V1,9,5,15.44113,-9.01816,4.16163,13,0
conn_add_prob,0.7,V1,9,6,18.51802,-8.61347,4.71347,14,0
conn_add_prob,0.7,V1,9,7,18.51802,-8.55927,5.31648,17,0
conn_add_prob,0.7,V1,9,8,19.57885,-7.65622,5.65912,17,0
conn_add_prob,0.7,V1,9,9,43.94113,-7.48208,6.70327,17,1
node_add_prob,0.1,V1,0,0,-5.59773,-14.33313,1.55878,14,0
node_add_prob,0.1,V1,0,1,-5.59773,-13.20331,1.69031,14,0
node_add_prob,0.1,V1,0,2,-5.59773,-12.77886,1.60585,14,0
node_add_prob,0.1,V1,0,3,-5.59773,-12.79392,1.63975,14,0
node_add_prob,0.1,V1,0,4,-5.59773,-12.64219,1.72395,14,0
node_add_prob,0.1,V1,0,5,-5.59773,-12.48281,1.72784,14,0
node_add_prob,0.1,V1,0,6,-5.19836,-12.47137,1.85206,14,0
node_add_prob,0.1,V1,0,7,-4.69773,-12.37187,1.89553,14,0
node_add_prob,0.1,V1,0,8,-4.59773,-12.2516,1.99094,14,0
node_add_prob,0.1,V1,0,9,-4.59773,-12.1177,2.13938,14,0
node_add_prob,0.1,V1,0,10,-4.59773,-12.10461,2.21655,14,0
node_add_prob,0.1,V1,0,11,-4.29773,-12.239,2.27315,14,0
node_add_prob,0.1,V1,0,12,-4.29773,-12.0727,2.27797,14,0
node_add_prob,0.1,V1,0,13,-2.08629,-12.06995,2.29553,14,0
node_add_prob,0.1,V1,0,14,-2.08629,-11.97435,2.41332,14,0
node_add_prob,0.1,V1,0,15,-2.08629,-11.94273,2.49168,14,0
node_add_prob,0.1,V1,0,16,-2.08629,-12.08814,2.59783,14,0
node_add_prob,0.1,V1,0,17,-2.08629,-11.97542,2.61489,14,0
node_add_prob,0.1,V1,0,18,-2.08629,-11.82969,2.6508,14,0
node_add_prob,0.1,V1,0,19,-2.08629,-11.68368,2.60131,14,0
node_add_prob,0.1,V1,0,20,-2.08629,-11.55786,2.73697,14,0
node_add_prob,0.1,V1,0,21,-2.08629,-11.43042,2.76184,14,0
node_add_prob,0.1,V1,0,22,-2.08629,-11.37302,2.86612,15,0
node_add_prob,0.1,V1,0,23,14.22158,-11.18188,3.01351,15,0
node_add_prob,0.1,V1,0,24,14.22158,-11.28537,3.31101,13,0
node_add_prob,0.1,V1,0,25,14.22158,-11.04392,3.62665,13,0
node_add_prob,0.1,V1,0,26,14.22158,-10.78265,3.90506,12,0
node_add_prob,0.1,V1,0,27,14.22158,-10.61898,4.41744,13,0
node_add_prob,0.1,V1,0,28,14.22158,-10.50344,4.58835,13,0
node_add_prob,0.1,V1,0,29,14.22158,-10.33459,4.68245,12,0
node_add_prob,0.1,V1,0,30,14.48574,-10.10842,5.03027,11,0
node_add_prob,0.1,V1,0,31,14.48574,-9.81085,5.83384,11,0
node_add_prob,0.1,V1,0,32,14.48574,-9.24384,7.19748,10,0
node_add_prob,0.1,V1,0,33,14.48574,-8.37764,8.19794,10,0
node_add_prob,0.1,V1,0,34,14.48574,-7.53667,8.94086,9,0
node_add_prob,0.1,V1,0,35,14.48574,-6.80844,9.45607,9,0
node_add_prob,0.1,V1,0,36,14.48574,-6.03865,10.10785,9,0
node_add_prob,0.1,V1,0,37,14.48574,-5.53853,10.62586,10,0
node_add_prob,0.1,V1,0,38,14.48574,-5.5282,10.62051,10,0
node_add_prob,0.1,V1,0,39,14.48574,-5.79266,10.38719,9,0
node_add_prob,0.1,V1,0,40,14.48574,-7.50697,8.85733,7,0
node_add_prob,0.1,V1,0,41,14.48574,-7.71731,8.46509,7,0
node_add_prob,0.1,V1,0,42,14.48574,-7.42828,8.61471,8,0
node_add_prob,0.1,V1,0,43,14.48574,-9.76878,4.55749,8,0
node_add_prob,0.1,V1,0,44,14.48574,-9.72411,4.72626,9,0
node_add_prob,0.1,V1,0,45,14.48574,-9.89888,4.34823,9,0
node_add_prob,0.1,V1,0,46,14.04113,-10.02296,3.96416,9,0
node_add_prob,0.1,V1,0,47,14.04113,-9.75744,4.35847,10,0
node_add_prob,0.1,V1,0,48,14.04113,-9.70825,4.62644,10,0
node_add_prob,0.1,V1,0,49,14.04113,-9.67496,5.34558,10,0
node_add_prob,0.1,V1,0,50,14.04113,-8.86653,6.57484,12,0
node_add_prob,0.1,V1,0,51,14.04113,-8.56307,6.96321,13,0
node_add_prob,0.1,V1,0,52,14.04113,-8.04287,7.45054,16,0
node_add_prob,0.1,V1,0,53,14.04113,-8.37528,7.67447,16,0
node_add_prob,0.1,V1,0,54,14.04113,-7.86006,7.8655,17,0
node_add_prob,0.1,V1,0,55,14.28574,-7.36085,8.24675,17,0
node_add_prob,0.1,V1,0,56,14.28574,-7.35052,8.49682,19,0
node_add_prob,0.1,V1,0,57,14.28574,-7.24303,8.35516,21,0
node_add_prob,0.1,V1,0,58,14.28574,-7.51447,8.52648,21,0
node_add_prob,0.1,V1,0,59,14.28574,-7.26515,8.52161,22,0
node_add_prob,0.1,V1,0,60,14.28574,-7.00109,8.76421,24,0
node_add_prob,0.1,V1,0,61,14.28574,-7.14285,8.54115,24,0
node_add_prob,0.1,V1,0,62,14.28574,-6.78587,8.63234,24,0
node_add_prob,0.1,V1,0,63,14.28574,-6.35519,8.81594,23,0
node_add_prob,0.1,V1,0,64,14.28574,-6.67064,8.95459,23,0
node_add_prob,0.1,V1,0,65,14.28574,-6.74184,8.89918,22,0
node_add_prob,0.1,V1,0,66,14.28574,-6.22968,9.40276,21,0
node_add_prob,0.1,V1,0,67,14.28574,-6.36587,9.44337,20,0
node_add_prob,0.1,V1,0,68,14.28574,-5.9349,9.80536,18,0
node_add_prob,0.1,V1,0,69,14.28574,-6.44249,9.61161,19,0
node_add_prob,0.1,V1,0,70,14.28574,-6.50234,9.6655,18,0
node_add_prob,0.1,V1,0,71,14.28574,-6.53235,9.54816,18,0
node_add_prob,0.1,V1,0,72,14.28574,-6.46191,9.57331,19,0
node_add_prob,0.1,V1,0,73,14.28574,-6.49294,9.46945,19,0
node_add_prob,0.1,V1,0,74,17.75836,-6.17372,9.73017,19,0
node_add_prob,0.1,V1,0,75,17.75836,-7.681,8.51462,19,0
node_add_prob,0.1,V1,0,76,17.75836,-7.50546,8.37082,18,0
node_add_prob,0.1,V1,0,77,17.75836,-7.18717,8.72218,23,0
node_add_prob,0.1,V1,0,78,17.75836,-7.11476,8.40967,23,0
node_add_prob,0.1,V1,0,79,17.75836,-7.4811,8.52097,23,0
node_add_prob,0.1,V1,0,80,17.75836,-7.5012,8.54025,26,0
node_add_prob,0.1,V1,0,81,17.75836,-6.92489,9.07017,28,0
node_add_prob,0.1,V1,0,82,17.75836,-6.30235,9.30412,30,0
node_add_prob,0.1,V1,0,83,17.75836,-7.08872,8.93997,30,0
node_add_prob,0.1,V1,0,84,17.75836,-6.46894,9.32711,31,0
node_add_prob,0.1,V1,0,85,17.75836,-6.8531,8.96651,33,0
node_add_prob,0.1,V1,0,86,17.75836,-6.88022,9.0935,32,0
node_add_prob,0.1,V1,0,87,17.75836,-5.80087,9.96299,31,0
node_add_prob,0.1,V1,0,88,17.75836,-6.2684,9.6244,32,0
node_add_prob,0.1,V1,0,89,17.75836,-5.20734,10.19506,31,0
node_add_prob,0.1,V1,0,90,43.94113,-6.20982,9.82609,30,1
node_add_prob,0.1,V1,1,0,0.31733,-14.58927,1.34851,12,0
node_add_prob,0.1,V1,1,1,0.31733,-13.67659,1.81901,12,0
node_add_prob,0.1,V1,1,2,0.31733,-13.36352,1.93657,12,0
node_add_prob,0.1,V1,1,3,6.84113,-13.14752,2.08657,12,0
node_add_prob,0.1,V1,1,4,6.84113,-12.97287,2.20331,12,0
node_add_prob,0.1,V1,1,5,6.84113,-12.84342,2.41843,12,0
node_add_prob,0.1,V1,1,6,6.84113,-12.53072,2.83127,12,0
node_add_prob,0.1,V1,1,7,7.60546,-12.30031,3.21277,12,0
node_add_prob,0.1,V1,1,8,7.60546,-12.1609,3.38233,12,0
node_add_prob,0.1,V1,1,9,11.99227,-11.49637,4.00789,12,0
node_add_prob,0.1,V1,1,10,11.99227,-11.27037,4.11574,12,0
node_add_prob,0.1,V1,1,11,20.94113,-11.25318,4.33778,12,0
node_add_prob,0.1,V1,1,12,20.94113,-10.58149,4.88502,12,0
node_add_prob,0.1,V1,1,13,20.94113,-10.64786,4.83855,12,0
node_add_prob,0.1,V1,1,14,20.94113,-10.71414,5.01296,12,0
node_add_prob,0.1,V1,1,15,20.94113,-10.63399,5.25899,12,0
node_add_prob,0.1,V1,1,16,20.94113,-10.4005,5.28238,12,0
node_add_prob,0.1,V1,1,17,20.94113,-10.23627,5.46395,12,0
node_add_prob,0.1,V1,1,18,20.94113,-10.47242,5.07762,12,0
node_add_prob,0.1,V1,1,19,20.94113,-9.96224,5.33649,11,0
node_add_prob,0.1,V1,1,20,20.94113,-9.63896,5.38305,10,0
node_add_prob,0.1,V1,1,21,20.94113,-9.30062,5.34637,10,0
node_add_prob,0.1,V1,1,22,20.94113,-9.26367,5.61573,10,0
node_add_prob,0.1,V1,1,23,20.94113,-9.34641,5.4915,9,0
node_add_prob,0.1,V1,1,24,20.94113,-9.32681,5.72492,9,0
node_add_prob,0.1,V1,1,25,20.94113,-9.4518,5.67181,9,0
node_add_prob,0.1,V1,1,26,20.94113,-8.96988,5.7019,8,0
node_add_prob,0.1,V1,1,27,20.94113,-9.30664,5.59832,6,0
node_add_prob,0.1,V1,1,28,20.94113,-9.0966,5.99272,6,0
node_add_prob,0.1,V1,1,29,20.94113,-9.19838,5.68338,6,0
node_add_prob,0.1,V1,1,30,20.94113,-9.35868,5.91226,7,0
node_add_prob,0.1,V1,1,31,20.94113,-8.87151,6.14918,7,0
node_add_prob,0.1,V1,1,32,20.94113,-8.9328,5.92507,8,0
node_add_prob,0.1,V1,1,33,11.99227,-8.1769,5.98781,7,0
node_add_prob,0.1,V1,1,34,11.99227,-8.34111,6.55013,7,0
node_add_prob,0.1,V1,1,35,18.29848,-8.37764,6.68075,8,0
node_add_prob,0.1,V1,1,36,18.74113,-8.49179,7.01211,8,0
node_add_prob,0.1,V1,1,37,18.74113,-8.26815,6.81438,8,0
node_add_prob,0.1,V1,1,38,18.74113,-8.03229,7.17659,8,0
node_add_prob,0.1,V1,1,39,18.74113,-8.06008,7.14119,8,0
node_add_prob,0.1,V1,1,40,43.94113,-8.10612,7.31281,8,1
node_add_prob,0.1,V1,2,0,-6.80768,-14.67442,1.10739,13,0
node_add_prob,0.1,V1,2,1,2.94932,-13.86131,1.27886,13,0
node_add_prob,0.1,V1,2,2,2.94932,-13.72578,1.45694,13,0
node_add_prob,0.1,V1,2,3,3.53647,-13.57175,1.93531,13,0
node_add_prob,0.1,V1,2,4,17.64113,-13.28527,2.5316,13,0
node_add_prob,0.1,V1,2,5,17.64113,-13.17326,2.42754,13,0
node_add_prob,0.1,V1,2,6,17.64113,-13.0528,2.93955,14,0
node_add_prob,0.1,V1,2,7,17.64113,-12.38521,3.93924,14,0
node_add_prob,0.1,V1,2,8,17.64113,-12.26308,4.30088,14,0
node_add_prob,0.1,V1,2,9,43.94113,-11.78546,5.21333,14,1
node_add_prob,0.1,V1,3,0,-0.3744,-14.44937,2.43218,12,0
node_add_prob,0.1,V1,3,1,0.09267,-12.31523,3.26206,12,0
node_add_prob,0.1,V1,3,2,7.74113,-11.05921,3.29746,12,0
node_add_prob,0.1,V1,3,3,14.34113,-10.57406,3.51554,12,0
node_add_prob,0.1,V1,3,4,14.34113,-10.54193,3.77771,14,0
node_add_prob,0.1,V1,3,5,19.9127,-10.27483,4.57895,14,0
node_add_prob,0.1,V1,3,6,19.9127,-9.8236,5.18091,14,0
node_add_prob,0.1,V1,3,7,43.94113,-8.98514,6.33072,14,1
node_add_prob,0.1,V1,4,0,-8.11793,-14.76882,1.05904,14,0
node_add_prob,0.1,V1,4,1,9.65808,-13.71103,1.72924,14,0
node_add_prob,0.1,V1,4,2,9.65808,-13.21287,2.18514,14,0
node_add_prob,0.1,V1,4,3,9.65808,-13.20348,2.00803,14,0
node_add_prob,0.1,V1,4,4,9.65808,-12.9812,2.39921,14,0
node_add_prob,0.1,V1,4,5,9.94113,-12.59497,2.65084,14,0
node_add_prob,0.1,V1,4,6,9.94113,-12.23468,3.30553,14,0
node_add_prob,0.1,V1,4,7,10.14113,-11.52394,4.13172,14,0
node_add_prob,0.1,V1,4,8,10.14113,-10.76049,4.78919,14,0
node_add_prob,0.1,V1,4,9,10.54113,-10.94761,5.10423,14,0
node_add_prob,0.1,V1,4,10,10.54113,-10.52442,5.4674,14,0
node_add_prob,0.1,V1,4,11,13.89491,-10.11971,5.73195,14,0
node_add_prob,0.1,V1,4,12,16.54113,-9.99765,5.87321,14,0
node_add_prob,0.1,V1,4,13,16.54113,-9.8657,6.16094,14,0
node_add_prob,0.1,V1,4,14,17.44113,-9.83957,6.28686,14,0
node_add_prob,0.1,V1,4,15,17.44113,-9.06803,6.94892,14,0
node_add_prob,0.1,V1,4,16,20.94113,-9.06402,6.97226,14,0
node_add_prob,0.1,V1,4,17,20.94113,-8.82934,7.30514,14,0
node_add_prob,0.1,V1,4,18,20.94113,-8.78894,7.33647,14,0
node_add_prob,0.1,V1,4,19,20.94113,-8.07811,7.66906,15,0
node_add_prob,0.1,V1,4,20,20.94113,-8.61601,7.41115,15,0
node_add_prob,0.1,V1,4,21,20.94113,-8.85501,7.59148,15,0
node_add_prob,0.1,V1,4,22,21.14113,-8.59327,7.6901,15,0
node_add_prob,0.1,V1,4,23,21.14113,-8.29825,7.7949,14,0
node_add_prob,0.1,V1,4,24,21.14113,-8.5689,7.68869,14,0
node_add_prob,0.1,V1,4,25,21.14113,-8.12036,7.96843,13,0
node_add_prob,0.1,V1,4,26,21.14113,-7.96406,7.93669,13,0
node_add_prob,0.1,V1,4,27,21.14113,-7.91487,7.95106,13,0
node_add_prob,0.1,V1,4,28,21.14113,-7.56865,8.3419,13,0
node_add_prob,0.1,V1,4,29,21.14113,-7.51257,8.33196,12,0
node_add_prob,0.1,V1,4,30,21.14113,-7.63793,8.19124,11,0
node_add_prob,0.1,V1,4,31,21.14113,-6.95749,8.51786,10,0
node_add_prob,0.1,V1,4,32,21.14113,-7.41856,8.48677,10,0
node_add_prob,0.1,V1,4,33,21.14113,-7.31552,8.47387,9,0
node_add_prob,0.1,V1,4,34,21.14113,-7.12901,8.23511,9,0
node_add_prob,0.1,V1,4,35,21.14113,-7.52927,8.49089,9,0
node_add_prob,0.1,V1,4,36,21.14113,-7.65585,8.23253,8,0
node_add_prob,0.1,V1,4,37,21.14113,-7.48283,8.40575,8,0
node_add_prob,0.1,V1,4,38,21.14113,-7.53017,8.36587,8,0
node_add_prob,0.1,V1,4,39,21.14113,-6.95078,8.29238,8,0
node_add_prob,0.1,V1,4,40,21.14113,-6.89008,8.15574,6,0
node_add_prob,0.1,V1,4,41,21.14113,-6.21548,8.38015,6,0
node_add_prob,0.1,V1,4,42,20.94113,-7.70775,7.9006,5,0
node_add_prob,0.1,V1,4,43,20.94113,-7.67727,7.53199,5,0
node_add_prob,0.1,V1,4,44,20.94113,-6.87379,7.8825,6,0
node_add_prob,0.1,V1,4,45,20.94113,-7.52671,7.44609,7,0
node_add_prob,0.1,V1,4,46,20.94113,-7.38335,7.49712,8,0
node_add_prob,0.1,V1,4,47,20.94113,-7.9477,7.15783,8,0
node_add_prob,0.1,V1,4,48,20.94113,-7.08612,7.56282,8,0
node_add_prob,0.1,V1,4,49,20.94113,-6.42602,8.06917,9,0
node_add_prob,0.1,V1,4,50,20.94113,-6.61126,8.45752,9,0
node_add_prob,0.1,V1,4,51,20.94113,-7.08344,8.12046,10,0
node_add_prob,0.1,V1,4,52,20.94113,-7.26967,8.13241,10,0
node_add_prob,0.1,V1,4,53,20.94113,-6.24163,8.75693,11,0
node_add_prob,0.1,V1,4,54,20.94113,-6.46398,8.88041,12,0
node_add_prob,0.1,V1,4,55,20.94113,-6.12894,8.92417,13,0
node_add_prob,0.1,V1,4,56,21.14113,-5.95912,9.14788,13,0
node_add_prob,0.1,V1,4,57,21.14113,-6.43038,8.92126,13,0
node_add_prob,0.1,V1,4,58,21.14113,-5.60653,9.37593,13,0
node_add_prob,0.1,V1,4,59,21.14113,-5.4796,9.42604,13,0
node_add_prob,0.1,V1,4,60,21.14113,-5.41004,9.25296,13,0
node_add_prob,0.1,V1,4,61,21.14113,-5.52766,9.46386,12,0
node_add_prob,0.1,V1,4,62,21.14113,-5.27257,9.36524,12,0
node_add_prob,0.1,V1,4,63,21.14113,-4.78267,9.3933,11,0
node_add_prob,0.1,V1,4,64,21.14113,-4.34563,9.91361,11,0
node_add_prob,0.1,V1,4,65,21.14113,-4.74777,9.60132,11,0
node_add_prob,0.1,V1,4,66,21.14113,-4.45245,9.73223,11,0
node_add_prob,0.1,V1,4,67,21.14113,-4.754,9.68716,12,0
node_add_prob,0.1,V1,4,68,21.14113,-4.49879,9.95634,12,0
node_add_prob,0.1,V1,4,69,21.14113,-4.10295,10.01501,11,0
node_add_prob,0.1,V1,4,70,21.14113,-4.06503,10.36854,12,0
node_add_prob,0.1,V1,4,71,21.14113,-4.34416,10.24766,10,0
node_add_prob,0.1,V1,4,72,21.14113,-3.42179,10.21582,9,0
node_add_prob,0.1,V1,4,73,21.14113,-4.86165,9.75529,9,0
node_add_prob,0.1,V1,4,74,21.14113,-4.40681,10.08147,8,0
node_add_prob,0.1,V1,4,75,21.14113,-3.92672,9.87244,9,0
node_add_prob,0.1,V1,4,76,21.14113,-4.41268,10.05046,9,0
node_add_prob,0.1,V1,4,77,21.14113,-3.86063,10.09642,9,0
node_add_prob,0.1,V1,4,78,21.14113,-3.95743,10.03076,9,0
node_add_prob,0.1,V1,4,79,21.14113,-4.19575,10.19714,10,0
node_add_prob,0.1,V1,4,80,21.14113,-4.69698,9.94869,10,0
node_add_prob,0.1,V1,4,81,21.14113,-3.90518,10.14164,12,0
node_add_prob,0.1,V1,4,82,21.14113,-4.89069,9.99641,13,0
node_add_prob,0.1,V1,4,83,20.94113,-4.54853,9.90573,12,0
node_add_prob,0.1,V1,4,84,20.94113,-4.28195,10.27766,14,0
node_add_prob,0.1,V1,4,85,20.94113,-3.96437,10.36858,13,0
node_add_prob,0.1,V1,4,86,20.94113,-4.24582,10.40629,15,0
node_add_prob,0.1,V1,4,87,20.94113,-5.62365,9.91635,16,0
node_add_prob,0.1,V1,4,88,20.94113,-4.84116,10.21824,16,0
node_add_prob,0.1,V1,4,89,20.94113,-4.11406,10.3754,15,0
node_add_prob,0.1,V1,4,90,20.94113,-3.98334,10.23138,16,0
node_add_prob,0.1,V1,4,91,20.94113,-3.80879,10.24086,15,0
node_add_prob,0.1,V1,4,92,20.94113,-3.75182,10.45597,18,0
node_add_prob,0.1,V1,4,93,20.94113,-3.00453,10.46708,20,0
node_add_prob,0.1,V1,4,94,20.94113,-3.24692,10.60576,21,0
node_add_prob,0.1,V1,4,95,20.94113,-3.13896,10.89486,21,0
node_add_prob,0.1,V1,4,96,20.94113,-3.42756,11.0835,25,0
node_add_prob,0.1,V1,4,97,20.94113,-3.45684,10.75911,26,0
node_add_prob,0.1,V1,4,98,20.94113,-3.34463,10.91181,24,0
node_add_prob,0.1,V1,4,99,20.94113,-3.14154,10.91807,25,0
node_add_prob,0.1,V1,5,0,7.74113,-15.01455,1.46829,13,0
node_add_prob,0.1,V1,5,1,7.74113,-13.9267,2.26633,13,0
node_add_prob,0.1,V1,5,2,9.94113,-13.02453,3.38933,13,0
node_add_prob,0.1,V1,5,3,43.94113,-12.14406,4.66737,13,1
node_add_prob,0.1,V1,6,0,1.67316,-13.81401,2.8243,16,0
node_add_prob,0.1,V1,6,1,1.67316,-11.07569,3.71476,16,0
node_add_prob,0.1,V1,6,2,4.5623,-10.05048,3.79945,16,0
node_add_prob,0.1,V1,6,3,4.5623,-9.72728,3.82233,16,0
node_add_prob,0.1,V1,6,4,15.838,-9.59011,3.94651,16,0
node_add_prob,0.1,V1,6,5,15.838,-9.49254,4.23375,16,0
node_add_prob,0.1,V1,6,6,15.838,-8.93879,4.56834,16,0
node_add_prob,0.1,V1,6,7,19.03557,-9.35917,4.77438,16,0
node_add_prob,0.1,V1,6,8,19.03557,-8.90967,5.11544,16,0
node_add_prob,0.1,V1,6,9,19.03557,-8.92008,5.50711,16,0
node_add_prob,0.1,V1,6,10,19.03557,-8.18265,5.74602,16,0
node_add_prob,0.1,V1,6,11,19.03557,-8.09131,5.91542,16,0
node_add_prob,0.1,V1,6,12,19.03557,-7.80099,6.19561,16,0
node_add_prob,0.1,V1,6,13,19.03557,-7.80144,6.34385,16,0
node_add_prob,0.1,V1,6,14,19.13557,-7.42256,6.70358,16,0
node_add_prob,0.1,V1,6,15,19.13557,-7.03257,7.09998,16,0
node_add_prob,0.1,V1,6,16,19.13557,-7.04022,6.95064,16,0
node_add_prob,0.1,V1,6,17,19.33557,-6.7403,7.15152,16,0
node_add_prob,0.1,V1,6,18,19.33557,-7.16524,6.93437,17,0
node_add_prob,0.1,V1,6,19,19.33557,-6.58576,7.09547,17,0
node_add_prob,0.1,V1,6,20,19.53557,-6.92213,6.80861,15,0
node_add_prob,0.1,V1,6,21,19.53557,-7.11469,7.22948,17,0
node_add_prob,0.1,V1,6,22,19.63557,-6.69607,7.14305,17,0
node_add_prob,0.1,V1,6,23,19.63557,-6.69501,7.06943,16,0
node_add_prob,0.1,V1,6,24,19.63557,-6.32589,7.47032,17,0
node_add_prob,0.1,V1,6,25,19.73557,-5.53865,7.92835,18,0
node_add_prob,0.1,V1,6,26,19.73557,-5.66936,8.07993,18,0
node_add_prob,0.1,V1,6,27,19.73557,-5.35259,8.10866,18,0
node_add_prob,0.1,V1,6,28,19.73557,-4.67995,8.33054,17,0
node_add_prob,0.1,V1,6,29,19.73557,-5.01406,8.3442,18,0
node_add_prob,0.1,V1,6,30,19.73557,-4.88263,8.44154,17,0
node_add_prob,0.1,V1,6,31,19.73557,-4.96088,8.25286,16,0
node_add_prob,0.1,V1,6,32,19.73557,-4.65483,8.65655,16,0
node_add_prob,0.1,V1,6,33,19.73557,-4.16752,8.66076,16,0
node_add_prob,0.1,V1,6,34,19.73557,-4.57988,8.36135,16,0
node_add_prob,0.1,V1,6,35,19.73557,-4.69794,8.53721,16,0
node_add_prob,0.1,V1,6,36,19.73557,-5.04552,8.50068,15,0
node_add_prob,0.1,V1,6,37,19.73557,-4.75894,8.63972,15,0
node_add_prob,0.1,V1,6,38,19.73557,-5.36937,8.52421,15,0
node_add_prob,0.1,V1,6,39,19.73557,-5.60129,8.69976,16,0
node_add_prob,0.1,V1,6,40,19.73557,-5.66056,8.70815,16,0
node_add_prob,0.1,V1,6,41,19.63557,-5.63507,8.46919,15,0
node_add_prob,0.1,V1,6,42,19.63557,-5.50562,8.61452,16,0
node_add_prob,0.1,V1,6,43,19.63557,-5.79076,8.7996,16,0
node_add_prob,0.1,V1,6,44,19.63557,-5.3637,9.01827,17,0
node_add_prob,0.1,V1,6,45,19.63557,-4.87771,9.37025,16,0
node_add_prob,0.1,V1,6,46,19.63557,-4.82022,9.12855,16,0
node_add_prob,0.1,V1,6,47,19.63557,-4.35848,9.74893,16,0
node_add_prob,0.1,V1,6,48,19.63557,-4.06242,10.0948,16,0
node_add_prob,0.1,V1,6,49,19.63557,-3.69037,10.46738,17,0
node_add_prob,0.1,V1,6,50,19.63557,-3.10385,10.47547,17,0
node_add_prob,0.1,V1,6,51,43.94113,-3.22803,10.7145,17,1
node_add_prob,0.1,V1,7,0,-9.28422,-15.05477,1.11755,13,0
node_add_prob,0.1,V1,7,1,-3.0806,-13.86434,1.68752,13,0
node_add_prob,0.1,V1,7,2,0.54214,-13.33375,2.05146,13,0
node_add_prob,0.1,V1,7,3,11.01098,-13.05843,2.54707,13,0
node_add_prob,0.1,V1,7,4,11.01098,-12.84492,2.96587,13,0
node_add_prob,0.1,V1,7,5,11.01098,-12.21205,3.61893,13,0
node_add_prob,0.1,V1,7,6,11.01098,-11.77396,4.15236,13,0
node_add_prob,0.1,V1,7,7,12.99125,-11.88297,4.28031,13,0
node_add_prob,0.1,V1,7,8,12.99125,-11.46089,4.49066,13,0
node_add_prob,0.1,V1,7,9,12.99125,-11.28594,4.86268,13,0
node_add_prob,0.1,V1,7,10,13.24113,-10.60929,5.30704,13,0
node_add_prob,0.1,V1,7,11,15.44113,-9.71694,5.68682,13,0
node_add_prob,0.1,V1,7,12,15.44113,-9.66358,5.8397,13,0
node_add_prob,0.1,V1,7,13,15.44113,-9.74785,5.99745,13,0
node_add_prob,0.1,V1,7,14,15.44113,-9.10232,6.03374,13,0
node_add_prob,0.1,V1,7,15,15.44113,-8.87329,6.30561,13,0
node_add_prob,0.1,V1,7,16,15.44113,-8.80413,6.41391,13,0
node_add_prob,0.1,V1,7,17,15.44113,-8.61396,6.77066,13,0
node_add_prob,0.1,V1,7,18,15.44113,-8.70692,6.78843,13,0
node_add_prob,0.1,V1,7,19,15.44113,-7.89343,7.00751,13,0
node_add_prob,0.1,V1,7,20,15.44113,-8.44388,6.98038,13,0
node_add_prob,0.1,V1,7,21,15.44113,-7.9917,6.95756,13,0
node_add_prob,0.1,V1,7,22,15.44113,-8.54685,6.88057,13,0
node_add_prob,0.1,V1,7,23,19.84113,-8.06421,6.97764,12,0
node_add_prob,0.1,V1,7,24,19.84113,-8.20367,7.12923,12,0
node_add_prob,0.1,V1,7,25,19.84113,-8.25951,7.19467,11,0
node_add_prob,0.1,V1,7,26,19.84113,-7.9875,7.07986,10,0
node_add_prob,0.1,V1,7,27,19.84113,-8.00511,7.20512,8,0
node_add_prob,0.1,V1,7,28,19.84113,-7.68113,7.28271,7,0
node_add_prob,0.1,V1,7,29,19.84113,-7.90261,7.37173,8,0
node_add_prob,0.1,V1,7,30,19.84113,-7.26221,7.64301,8,0
node_add_prob,0.1,V1,7,31,19.84113,-7.23875,8.11998,7,0
node_add_prob,0.1,V1,7,32,19.84113,-6.67323,8.39039,7,0
node_add_prob,0.1,V1,7,33,19.84113,-7.10011,8.64591,7,0
node_add_prob,0.1,V1,7,34,19.84113,-7.25648,8.4431,6,0
node_add_prob,0.1,V1,7,35,19.84113,-6.96861,8.73211,7,0
node_add_prob,0.1,V1,7,36,19.84113,-6.98712,8.553,6,0
node_add_prob,0.1,V1,7,37,19.84113,-7.98062,8.18405,6,0
node_add_prob,0.1,V1,7,38,19.84113,-7.89133,8.22099,7,0
node_add_prob,0.1,V1,7,39,19.84113,-7.23301,8.12109,6,0
node_add_prob,0.1,V1,7,40,19.84113,-7.14401,8.79645,6,0
node_add_prob,0.1,V1,7,41,19.84113,-7.10186,8.63286,8,0
node_add_prob,0.1,V1,7,42,19.84113,-7.23764,8.7113,8,0
node_add_prob,0.1,V1,7,43,19.84113,-7.25676,8.98197,10,0
node_add_prob,0.1,V1,7,44,19.84113,-6.33714,8.94848,10,0
node_add_prob,0.1,V1,7,45,19.84113,-6.00255,8.84128,10,0
node_add_prob,0.1,V1,7,46,19.84113,-7.06941,8.67985,9,0
node_add_prob,0.1,V1,7,47,19.84113,-6.43163,8.49144,10,0
node_add_prob,0.1,V1,7,48,19.84113,-6.07335,8.94131,11,0
node_add_prob,0.1,V1,7,49,19.84113,-5.26668,9.77136,11,0
node_add_prob,0.1,V1,7,50,19.84113,-4.8793,10.35301,11,0
node_add_prob,0.1,V1,7,51,19.84113,-4.03264,10.66898,11,0
node_add_prob,0.1,V1,7,52,19.84113,-4.30736,11.17272,12,0
node_add_prob,0.1,V1,7,53,19.84113,-3.59664,11.40046,12,0
node_add_prob,0.1,V1,7,54,19.84113,-3.14738,11.92458,11,0
node_add_prob,0.1,V1,7,55,19.84113,-4.03912,11.93978,11,0
node_add_prob,0.1,V1,7,56,19.84113,-3.86771,11.79491,11,0
node_add_prob,0.1,V1,7,57,19.84113,-3.54146,11.5364,10,0
node_add_prob,0.1,V1,7,58,19.84113,-4.13033,11.36115,10,0
node_add_prob,0.1,V1,7,59,19.84113,-4.50413,11.45919,11,0
node_add_prob,0.1,V1,7,60,19.84113,-3.40556,11.73056,10,0
node_add_prob,0.1,V1,7,61,19.84113,-3.76947,11.43721,12,0
node_add_prob,0.1,V1,7,62,19.84113,-3.61611,11.39321,12,0
node_add_prob,0.1,V1,7,63,19.84113,-3.36445,12.00002,13,0
node_add_prob,0.1,V1,7,64,19.84113,-3.83752,11.65294,14,0
node_add_prob,0.1,V1,7,65,19.84113,-2.80577,11.75799,13,0
node_add_prob,0.1,V1,7,66,19.84113,-3.21737,12.17567,15,0
node_add_prob,0.1,V1,7,67,19.84113,-3.67873,12.05941,17,0
node_add_prob,0.1,V1,7,68,19.84113,-3.89603,11.65415,16,0
node_add_prob,0.1,V1,7,69,17.45596,-3.53419,11.85959,16,0
node_add_prob,0.1,V1,7,70,19.84113,-2.89046,12.39119,15,0
node_add_prob,0.1,V1,7,71,19.84113,-2.62251,12.40879,16,0
node_add_prob,0.1,V1,7,72,19.84113,-3.24903,12.46484,18,0
node_add_prob,0.1,V1,7,73,19.84113,-2.06166,13.05866,18,0
node_add_prob,0.1,V1,7,74,19.84113,-2.11919,12.83284,20,0
node_add_prob,0.1,V1,7,75,19.84113,-2.41486,12.72916,22,0
node_add_prob,0.1,V1,7,76,19.84113,-2.11943,12.93694,22,0
node_add_prob,0.1,V1,7,77,19.84113,-1.87159,13.12768,22,0
node_add_prob,0.1,V1,7,78,19.84113,-2.18356,12.86091,21,0
node_add_prob,0.1,V1,7,79,19.84113,-2.15294,12.91736,20,0
node_add_prob,0.1,V1,7,80,19.84113,-1.43251,12.99429,19,0
node_add_prob,0.1,V1,7,81,19.84113,-2.00325,13.02073,20,0
node_add_prob,0.1,V1,7,82,19.84113,-1.799,13.16331,20,0
node_add_prob,0.1,V1,7,83,19.84113,-1.44707,13.25223,20,0
node_add_prob,0.1,V1,7,84,19.84113,-2.18569,13.0666,18,0
node_add_prob,0.1,V1,7,85,19.84113,-2.20827,13.12378,18,0
node_add_prob,0.1,V1,7,86,19.84113,-1.95274,12.8864,18,0
node_add_prob,0.1,V1,7,87,19.84113,-1.13139,13.27344,18,0
node_add_prob,0.1,V1,7,88,19.84113,-1.76101,13.08054,17,0
node_add_prob,0.1,V1,7,89,19.84113,-1.54104,13.14095,17,0
node_add_prob,0.1,V1,7,90,19.84113,-1.86572,12.99513,17,0
node_add_prob,0.1,V1,7,91,19.84113,-2.00751,12.8994,16,0
node_add_prob,0.1,V1,7,92,19.84113,-1.42898,13.15948,16,0
node_add_prob,0.1,V1,7,93,19.84113,-1.94715,12.91615,15,0
node_add_prob,0.1,V1,7,94,19.84113,-1.94955,13.25216,12,0
node_add_prob,0.1,V1,7,95,19.84113,-2.20084,13.04607,12,0
node_add_prob,0.1,V1,7,96,19.84113,-2.59166,13.04171,12,0
node_add_prob,0.1,V1,7,97,19.84113,-1.96772,12.84873,13,0
node_add_prob,0.1,V1,7,98,19.84113,-2.0525,13.21153,13,0
node_add_prob,0.1,V1,7,99,19.84113,-2.72018,12.93256,13,0
node_add_prob,0.1,V1,8,0,-4.14206,-14.58685,2.17398,15,0
node_add_prob,0.1,V1,8,1,-3.0806,-12.19826,2.93547,15,0
node_add_prob,0.1,V1,8,2,-1.98159,-11.74588,2.9302,15,0
node_add_prob,0.1,V1,8,3,8.84113,-11.78165,3.08389,15,0
node_add_prob,0.1,V1,8,4,8.84113,-11.51893,3.08266,15,0
node_add_prob,0.1,V1,8,5,10.99953,-11.36098,3.19146,15,0
node_add_prob,0.1,V1,8,6,10.99953,-11.36633,3.25477,15,0
node_add_prob,0.1,V1,8,7,10.99953,-11.21473,3.2645,15,0
node_add_prob,0.1,V1,8,8,10.99953,-11.20216,3.45278,15,0
node_add_prob,0.1,V1,8,9,13.44113,-11.26169,3.60928,15,0
node_add_prob,0.1,V1,8,10,13.44113,-11.18642,3.84477,15,0
node_add_prob,0.1,V1,8,11,13.44113,-11.19901,3.94433,15,0
node_add_prob,0.1,V1,8,12,13.44113,-10.7968,4.12848,15,0
node_add_prob,0.1,V1,8,13,13.44113,-11.22723,4.39391,15,0
node_add_prob,0.1,V1,8,14,13.44113,-10.55273,4.48935,15,0
node_add_prob,0.1,V1,8,15,13.44113,-10.58282,4.85738,15,0
node_add_prob,0.1,V1,8,16,19.57885,-10.00829,5.23355,15,0
node_add_prob,0.1,V1,8,17,19.57885,-9.4808,6.21041,17,0
node_add_prob,0.1,V1,8,18,19.57885,-8.78788,7.26011,17,0
node_add_prob,0.1,V1,8,19,19.57885,-8.20012,8.01364,17,0
node_add_prob,0.1,V1,8,20,19.57885,-7.78564,8.19778,17,0
node_add_prob,0.1,V1,8,21,19.57885,-7.09874,8.72888,16,0
node_add_prob,0.1,V1,8,22,19.57885,-6.61295,9.38464,17,0
node_add_prob,0.1,V1,8,23,19.57885,-6.21478,9.70231,17,0
node_add_prob,0.1,V1,8,24,21.94113,-6.08481,10.18118,16,0
node_add_prob,0.1,V1,8,25,21.94113,-5.74022,10.33076,15,0
node_add_prob,0.1,V1,8,26,21.94113,-4.26624,10.73592,15,0
node_add_prob,0.1,V1,8,27,21.94113,-4.26504,10.90686,14,0
node_add_prob,0.1,V1,8,28,21.94113,-4.25859,10.84567,14,0
node_add_prob,0.1,V1,8,29,21.94113,-3.00716,11.1057,14,0
node_add_prob,0.1,V1,8,30,21.94113,-4.41692,11.16611,14,0
node_add_prob,0.1,V1,8,31,21.94113,-3.69365,11.0471,16,0
node_add_prob,0.1,V1,8,32,21.94113,-3.35513,11.25837,14,0
node_add_prob,0.1,V1,8,33,21.94113,-3.33995,11.28993,14,0
node_add_prob,0.1,V1,8,34,21.94113,-2.82131,11.33166,13,0
node_add_prob,0.1,V1,8,35,21.94113,-3.13558,11.59967,12,0
node_add_prob,0.1,V1,8,36,22.14113,-2.79389,11.89725,12,0
node_add_prob,0.1,V1,8,37,22.14113,-2.84819,11.76616,12,0
node_add_prob,0.1,V1,8,38,22.14113,-1.95156,11.88627,13,0
node_add_prob,0.1,V1,8,39,22.24113,-3.20504,11.88057,12,0
node_add_prob,0.1,V1,8,40,22.24113,-2.20298,11.59751,12,0
node_add_prob,0.1,V1,8,41,22.24113,-2.2738,11.69834,11,0
node_add_prob,0.1,V1,8,42,22.24113,-2.05266,11.66468,12,0
node_add_prob,0.1,V1,8,43,22.24113,-1.27664,11.65935,12,0
node_add_prob,0.1,V1,8,44,22.24113,-2.0169,11.81621,12,0
node_add_prob,0.1,V1,8,45,22.24113,-1.54711,11.66717,11,0
node_add_prob,0.1,V1,8,46,22.34113,-1.83671,11.73955,10,0
node_add_prob,0.1,V1,8,47,22.34113,-1.58273,11.79973,10,0
node_add_prob,0.1,V1,8,48,22.34113,-1.45521,11.6012,12,0
node_add_prob,0.1,V1,8,49,22.34113,-1.9343,11.91481,11,0
node_add_prob,0.1,V1,8,50,22.34113,-2.1963,11.92062,12,0
node_add_prob,0.1,V1,8,51,22.34113,-1.43772,11.82239,16,0
node_add_prob,0.1,V1,8,52,22.34113,-1.64387,12.03082,17,0
node_add_prob,0.1,V1,8,53,22.34113,-1.54719,11.72357,17,0
node_add_prob,0.1,V1,8,54,22.34113,-1.39832,11.96421,16,0
node_add_prob,0.1,V1,8,55,22.34113,-1.18014,12.13018,18,0
node_add_prob,0.1,V1,8,56,43.94113,-0.64218,12.24025,18,1
node_add_prob,0.1,V1,9,0,-5.23875,-13.92328,2.73609,13,0
node_add_prob,0.1,V1,9,1,0.34505,-11.08105,3.74347,13,0
node_add_prob,0.1,V1,9,2,1.76746,-10.03285,3.72959,13,0
node_add_prob,0.1,V1,9,3,3.84113,-9.73876,3.64659,13,0
node_add_prob,0.1,V1,9,4,3.84113,-9.42253,3.59429,14,0
node_add_prob,0.1,V1,9,5,5.77679,-9.25116,3.73223,14,0
node_add_prob,0.1,V1,9,6,43.94113,-9.02177,4.83771,14,1
node_add_prob,0.5,V1,0,0,-5.59773,-14.33313,1.55878,14,0
node_add_prob,0.5,V1,0,1,-5.59773,-13.0444,1.65949,14,0
node_add_prob,0.5,V1,0,2,-5.59773,-12.80035,1.58467,14,0
node_add_prob,0.5,V1,0,3,-5.59773,-12.64604,1.56162,14,0
node_add_prob,0.5,V1,0,4,-5.59773,-12.65952,1.58994,14,0
node_add_prob,0.5,V1,0,5,-5.59773,-12.56504,1.66994,14,0
node_add_prob,0.5,V1,0,6,-5.39773,-12.53325,1.71746,14,0
node_add_prob,0.5,V1,0,7,-5.39773,-12.49776,1.70822,14,0
node_add_prob,0.5,V1,0,8,-5.35887,-12.39269,1.78734,14,0
node_add_prob,0.5,V1,0,9,-5.35887,-12.45111,1.82904,16,0
node_add_prob,0.5,V1,0,10,-5.35887,-12.39868,1.90271,16,0
node_add_prob,0.5,V1,0,11,-5.35887,-12.26176,1.97334,17,0
node_add_prob,0.5,V1,0,12,-5.35887,-12.17755,2.00118,17,0
node_add_prob,0.5,V1,0,13,-5.35887,-12.31303,2.02634,18,0
node_add_prob,0.5,V1,0,14,-5.35887,-12.19175,1.94196,19,0
node_add_prob,0.5,V1,0,15,-5.35887,-12.1186,2.01636,19,0
node_add_prob,0.5,V1,0,16,-5.35887,-12.05511,2.01189,19,0
node_add_prob,0.5,V1,0,17,-5.35887,-11.93638,2.01103,19,0
node_add_prob,0.5,V1,0,18,-5.35887,-12.04963,1.94065,18,0
node_add_prob,0.5,V1,0,19,-5.35887,-12.08031,2.12294,18,0
node_add_prob,0.5,V1,0,20,-5.35887,-12.04596,1.98588,18,0
node_add_prob,0.5,V1,0,21,-5.35887,-12.18885,2.05057,18,0
node_add_prob,0.5,V1,0,22,-5.35887,-12.14663,1.99032,17,0
node_add_prob,0.5,V1,0,23,-5.35887,-12.08539,1.95276,18,0
node_add_prob,0.5,V1,0,24,-5.35887,-12.08791,1.94845,17,0
node_add_prob,0.5,V1,0,25,1.0256,-12.03667,2.00684,16,0
node_add_prob,0.5,V1,0,26,1.0256,-11.97088,1.9688,13,0
node_add_prob,0.5,V1,0,27,1.0256,-11.97669,2.04581,12,0
node_add_prob,0.5,V1,0,28,1.0256,-11.92817,2.05813,12,0
node_add_prob,0.5,V1,0,29,14.04113,-11.89947,2.23254,10,0
node_add_prob,0.5,V1,0,30,14.04113,-11.8147,2.22562,10,0
node_add_prob,0.5,V1,0,31,14.04113,-11.6906,2.47772,11,0
node_add_prob,0.5,V1,0,32,14.04113,-11.73801,2.38152,11,0
node_add_prob,0.5,V1,0,33,14.04113,-11.96426,2.3635,10,0
node_add_prob,0.5,V1,0,34,14.04113,-11.8857,2.17904,9,0
node_add_prob,0.5,V1,0,35,14.04113,-11.77106,2.66712,12,0
node_add_prob,0.5,V1,0,36,14.04113,-11.68247,2.88852,14,0
node_add_prob,0.5,V1,0,37,14.04113,-11.64127,3.17204,14,0
node_add_prob,0.5,V1,0,38,14.04113,-11.55344,3.38971,13,0
node_add_prob,0.5,V1,0,39,14.04113,-11.53596,3.15884,13,0
node_add_prob,0.5,V1,0,40,14.04113,-11.85457,3.00916,12,0
node_add_prob,0.5,V1,0,41,14.04113,-11.67133,2.92057,11,0
node_add_prob,0.5,V1,0,42,14.04113,-11.60482,3.33942,12,0
node_add_prob,0.5,V1,0,43,14.04113,-11.46766,3.7612,14,0
node_add_prob,0.5,V1,0,44,14.04113,-11.51213,3.82103,14,0
node_add_prob,0.5,V1,0,45,14.04113,-11.88516,2.14366,14,0
node_add_prob,0.5,V1,0,46,14.04113,-11.75394,2.69296,15,0
node_add_prob,0.5,V1,0,47,14.04113,-11.71818,3.07449,18,0
node_add_prob,0.5,V1,0,48,14.04113,-11.7042,3.07424,19,0
node_add_prob,0.5,V1,0,49,14.28574,-11.43257,3.65688,21,0
node_add_prob,0.5,V1,0,50,14.28574,-11.46645,3.83619,21,0
node_add_prob,0.5,V1,0,51,14.28574,-11.52494,3.5187,22,0
node_add_prob,0.5,V1,0,52,14.28574,-11.44538,3.53632,20,0
node_add_prob,0.5,V1,0,53,14.28574,-11.41856,3.79765,19,0
node_add_prob,0.5,V1,0,54,14.28574,-11.56924,3.3262,19,0
node_add_prob,0.5,V1,0,55,14.28574,-11.55832,3.51005,18,0
node_add_prob,0.5,V1,0,56,14.28574,-11.32984,4.18292,17,0
node_add_prob,0.5,V1,0,57,14.28574,-11.39709,4.29223,17,0
node_add_prob,0.5,V1,0,58,14.28574,-11.02654,4.99196,16,0
node_add_prob,0.5,V1,0,59,14.28574,-10.40768,6.0662,15,0
node_add_prob,0.5,V1,0,60,14.28574,-10.41083,6.55565,17,0
node_add_prob,0.5,V1,0,61,14.28574,-10.29283,6.77949,17,0
node_add_prob,0.5,V1,0,62,14.28574,-9.77769,7.42235,18,0
node_add_prob,0.5,V1,0,63,14.28574,-9.6278,7.53069,16,0
node_add_prob,0.5,V1,0,64,14.28574,-9.38411,8.15839,13,0
node_add_prob,0.5,V1,0,65,14.04113,-9.89514,7.54999,12,0
node_add_prob,0.5,V1,0,66,14.04113,-9.57847,7.899,11,0
node_add_prob,0.5,V1,0,67,14.04113,-9.20494,8.45551,10,0
node_add_prob,0.5,V1,0,68,14.04113,-9.37778,8.19976,10,0
node_add_prob,0.5,V1,0,69,14.04113,-9.02001,8.58765,11,0
node_add_prob,0.5,V1,0,70,14.28574,-8.22777,9.14151,10,0
node_add_prob,0.5,V1,0,71,14.28574,-8.34858,9.0359,10,0
node_add_prob,0.5,V1,0,72,14.28574,-8.39952,9.0451,12,0
node_add_prob,0.5,V1,0,73,14.28574,-8.08036,9.29747,12,0
node_add_prob,0.5,V1,0,74,14.28574,-8.11492,9.41148,12,0
node_add_prob,0.5,V1,0,75,14.28574,-8.54191,9.00005,12,0
node_add_prob,0.5,V1,0,76,14.28574,-8.13586,9.22515,12,0
node_add_prob,0.5,V1,0,77,14.28574,-7.63352,9.63114,11,0
node_add_prob,0.5,V1,0,78,14.28574,-7.45241,9.71644,11,0
node_add_prob,0.5,V1,0,79,14.28574,-7.25743,9.8271,11,0
node_add_prob,0.5,V1,0,80,14.28574,-6.70806,10.5754,10,0
node_add_prob,0.5,V1,0,81,14.28574,-5.78817,11.01669,9,0
node_add_prob,0.5,V1,0,82,14.28574,-5.78323,11.15767,8,0
node_add_prob,0.5,V1,0,83,14.28574,-5.79376,11.10186,8,0
node_add_prob,0.5,V1,0,84,14.28574,-6.25271,10.91881,8,0
node_add_prob,0.5,V1,0,85,14.28574,-5.90486,10.94601,8,0
node_add_prob,0.5,V1,0,86,14.28574,-6.39985,10.80735,7,0
node_add_prob,0.5,V1,0,87,14.28574,-5.26121,11.43081,7,0
node_add_prob,0.5,V1,0,88,14.28574,-5.53219,11.18161,7,0
node_add_prob,0.5,V1,0,89,14.28574,-5.22901,11.53978,5,0
node_add_prob,0.5,V1,0,90,14.28574,-5.61988,11.29343,6,0
node_add_prob,0.5,V1,0,91,14.28574,-4.57652,11.77709,7,0
node_add_prob,0.5,V1,0,92,14.28574,-4.88379,11.73547,8,0
node_add_prob,0.5,V1,0,93,14.28574,-4.37778,11.8797,8,0
node_add_prob,0.5,V1,0,94,14.28574,-5.35352,11.34271,9,0
node_add_prob,0.5,V1,0,95,14.28574,-5.3046,11.38585,9,0
node_add_prob,0.5,V1,0,96,14.04113,-5.06091,11.56067,10,0
node_add_prob,0.5,V1,0,97,14.28574,-3.86966,11.96906,10,0
node_add_prob,0.5,V1,0,98,14.28574,-3.66843,12.16189,8,0
node_add_prob,0.5,V1,0,99,14.28574,-4.01419,11.81913,8,0
node_add_prob,0.5,V1,1,0,0.31733,-14.58927,1.34851,12,0
node_add_prob,0.5,V1,1,1,0.31733,-13.55806,1.90677,12,0
node_add_prob,0.5,V1,1,2,0.31733,-13.23935,1.95191,12,0
node_add_prob,0.5,V1,1,3,6.64113,-13.10784,2.25681,12,0
node_add_prob,0.5,V1,1,4,6.64113,-12.8615,2.71876,12,0
node_add_prob,0.5,V1,1,5,7.60546,-12.70173,3.17627,14,0
node_add_prob,0.5,V1,1,6,7.60546,-12.28083,3.39637,14,0
node_add_prob,0.5,V1,1,7,11.74309,-11.82066,4.02295,14,0
node_add_prob,0.5,V1,1,8,11.74309,-11.43222,4.37142,14,0
node_add_prob,0.5,V1,1,9,11.74309,-11.3295,4.49804,14,0
node_add_prob,0.5,V1,1,10,11.74309,-10.82996,4.60271,14,0
node_add_prob,0.5,V1,1,11,11.74309,-10.54038,4.77287,14,0
node_add_prob,0.5,V1,1,12,20.94113,-10.6016,4.79503,15,0
node_add_prob,0.5,V1,1,13,20.94113,-10.26629,4.92926,20,0
node_add_prob,0.5,V1,1,14,20.94113,-9.88719,4.9053,20,0
node_add_prob,0.5,V1,1,15,20.94113,-9.61753,4.95574,20,0
node_add_prob,0.5,V1,1,16,20.94113,-9.36783,5.12024,19,0
node_add_prob,0.5,V1,1,17,20.94113,-9.51481,5.08985,18,0
node_add_prob,0.5,V1,1,18,20.94113,-9.06578,5.29413,18,0
node_add_prob,0.5,V1,1,19,20.94113,-9.16834,5.29964,17,0
node_add_prob,0.5,V1,1,20,20.94113,-8.66187,5.26724,18,0
node_add_prob,0.5,V1,1,21,20.94113,-8.73652,5.36902,18,0
node_add_prob,0.5,V1,1,22,20.94113,-8.68206,5.19993,19,0
node_add_prob,0.5,V1,1,23,20.94113,-8.65946,5.11611,18,0
node_add_prob,0.5,V1,1,24,20.94113,-8.36202,5.15368,16,0
node_add_prob,0.5,V1,1,25,20.94113,-8.41806,5.47466,15,0
node_add_prob,0.5,V1,1,26,20.94113,-8.55295,5.53051,14,0
node_add_prob,0.5,V1,1,27,20.94113,-8.46567,5.38347,15,0
node_add_prob,0.5,V1,1,28,20.94113,-8.34852,5.41968,14,0
node_add_prob,0.5,V1,1,29,20.94113,-8.45791,5.34817,14,0
node_add_prob,0.5,V1,1,30,11.74309,-8.56027,5.25082,15,0
node_add_prob,0.5,V1,1,31,11.74309,-8.50078,5.12865,15,0
node_add_prob,0.5,V1,1,32,11.74309,-8.64762,5.30149,17,0
node_add_prob,0.5,V1,1,33,11.74309,-8.46617,5.115,17,0
node_add_prob,0.5,V1,1,34,11.74309,-8.74539,5.16177,17,0
node_add_prob,0.5,V1,1,35,11.74309,-8.5209,5.09934,17,0
node_add_prob,0.5,V1,1,36,9.94113,-8.72001,4.94817,15,0
node_add_prob,0.5,V1,1,37,9.94113,-8.36221,4.95117,15,0
node_add_prob,0.5,V1,1,38,9.94113,-8.18459,4.99129,15,0
node_add_prob,0.5,V1,1,39,9.94113,-8.68292,5.05337,15,0
node_add_prob,0.5,V1,1,40,9.94113,-8.48245,5.17404,15,0
node_add_prob,0.5,V1,1,41,9.94113,-8.2242,5.1103,14,0
node_add_prob,0.5,V1,1,42,9.94113,-8.04911,5.09974,14,0
node_add_prob,0.5,V1,1,43,9.94113,-8.17289,5.00509,14,0
node_add_prob,0.5,V1,1,44,9.94113,-8.03512,5.16102,14,0
node_add_prob,0.5,V1,1,45,9.94113,-8.11122,5.13045,14,0
node_add_prob,0.5,V1,1,46,9.94113,-7.97957,5.18244,14,0
node_add_prob,0.5,V1,1,47,7.04113,-7.60358,4.48354,14,0
node_add_prob,0.5,V1,1,48,7.04113,-8.11299,4.60119,12,0
node_add_prob,0.5,V1,1,49,7.04113,-7.61806,4.47139,12,0
node_add_prob,0.5,V1,1,50,7.04113,-7.84858,4.48925,12,0
node_add_prob,0.5,V1,1,51,-0.8496,-7.92633,4.47584,13,0
node_add_prob,0.5,V1,1,52,-0.8496,-7.31137,4.1566,12,0
node_add_prob,0.5,V1,1,53,-0.8496,-7.5559,4.216,13,0
node_add_prob,0.5,V1,1,54,-0.8496,-7.54788,4.25268,13,0
node_add_prob,0.5,V1,1,55,-0.8496,-7.54835,4.29402,11,0
node_add_prob,0.5,V1,1,56,-0.8496,-7.57386,4.33328,12,0
node_add_prob,0.5,V1,1,57,-0.8496,-7.57895,4.29032,12,0
node_add_prob,0.5,V1,1,58,-0.8496,-7.40891,4.15068,12,0
node_add_prob,0.5,V1,1,59,-0.8496,-7.33303,4.18383,15,0
node_add_prob,0.5,V1,1,60,-0.8496,-7.74736,4.36592,15,0
node_add_prob,0.5,V1,1,61,-0.8496,-7.35145,4.25105,14,0
node_add_prob,0.5,V1,1,62,-0.8496,-7.33861,4.1852,16,0
node_add_prob,0.5,V1,1,63,-0.8496,-7.54448,4.31205,14,0
node_add_prob,0.5,V1,1,64,-4.75562,-7.43753,4.26833,16,0
node_add_prob,0.5,V1,1,65,-4.75562,-7.27457,4.12917,19,0
node_add_prob,0.5,V1,1,66,-4.75562,-7.30394,4.14696,19,0
node_add_prob,0.5,V1,1,67,-4.75562,-7.21946,4.10657,17,0
node_add_prob,0.5,V1,1,68,-4.75562,-7.36466,4.17736,16,0
node_add_prob,0.5,V1,1,69,-4.75562,-6.92559,3.87025,19,0
node_add_prob,0.5,V1,1,70,-4.75562,-7.06153,3.97102,20,0
node_add_prob,0.5,V1,1,71,-4.75562,-7.20284,4.09191,20,0
node_add_prob,0.5,V1,1,72,-4.75562,-7.20211,4.09318,20,0
node_add_prob,0.5,V1,1,73,-4.75562,-7.07093,3.99025,25,0
node_add_prob,0.5,V1,1,74,-4.75562,-7.11599,4.06454,30,0
node_add_prob,0.5,V1,1,75,-4.75562,-7.12695,4.0649,27,0
node_add_prob,0.5,V1,1,76,-4.75562,-6.99486,3.96876,27,0
node_add_prob,0.5,V1,1,77,-4.75562,-7.23479,4.02902,29,0
node_add_prob,0.5,V1,1,78,-4.75562,-7.08895,3.98674,28,0
node_add_prob,0.5,V1,1,79,-2.43108,-6.65586,3.71416,28,0
node_add_prob,0.5,V1,1,80,-2.43108,-7.40117,4.19704,25,0
node_add_prob,0.5,V1,1,81,-2.43108,-7.38805,4.25824,23,0
node_add_prob,0.5,V1,1,82,-2.43108,-7.44984,4.20343,24,0
node_add_prob,0.5,V1,1,83,-2.43108,-7.03474,3.95171,25,0
node_add_prob,0.5,V1,1,84,7.04113,-7.3745,4.24116,26,0
node_add_prob,0.5,V1,1,85,7.04113,-7.32639,4.14509,24,0
node_add_prob,0.5,V1,1,86,7.04113,-7.35247,4.16524,26,0
node_add_prob,0.5,V1,1,87,7.04113,-7.23333,4.10407,27,0
node_add_prob,0.5,V1,1,88,7.04113,-7.23239,4.23721,26,0
node_add_prob,0.5,V1,1,89,7.04113,-7.28726,4.26978,25,0
node_add_prob,0.5,V1,1,90,7.04113,-7.36137,4.39512,21,0
node_add_prob,0.5,V1,1,91,7.04113,-6.91213,4.2821,21,0
node_add_prob,0.5,V1,1,92,7.04113,-7.18016,4.47791,21,0
node_add_prob,0.5,V1,1,93,7.04113,-7.00982,4.33299,20,0
node_add_prob,0.5,V1,1,94,7.04113,-7.26119,4.45217,18,0
node_add_prob,0.5,V1,1,95,7.04113,-7.27114,4.66472,17,0
node_add_prob,0.5,V1,1,96,7.04113,-7.27442,4.79648,19,0
node_add_prob,0.5,V1,1,97,7.04113,-7.07711,4.57554,17,0
node_add_prob,0.5,V1,1,98,7.04113,-7.16332,4.73247,19,0
node_add_prob,0.5,V1,1,99,7.04113,-6.92591,4.77583,17,0
node_add_prob,0.5,V1,2,0,-6.80768,-14.67442,1.10739,13,0
node_add_prob,0.5,V1,2,1,-0.73108,-13.88593,1.11554,13,0
node_add_prob,0.5,V1,2,2,13.94113,-13.72904,1.39481,13,0
node_add_prob,0.5,V1,2,3,13.94113,-13.54847,1.72847,13,0
node_add_prob,0.5,V1,2,4,13.94113,-13.56181,1.95844,13,0
node_add_prob,0.5,V1,2,5,13.94113,-13.48223,1.98008,13,0
node_add_prob,0.5,V1,2,6,13.94113,-13.34268,2.35002,13,0
node_add_prob,0.5,V1,2,7,17.64113,-13.01378,3.14105,13,0
node_add_prob,0.5,V1,2,8,17.64113,-12.86693,3.36265,13,0
node_add_prob,0.5,V1,2,9,17.64113,-12.71308,3.64826,14,0
node_add_prob,0.5,V1,2,10,17.64113,-12.45681,4.32473,15,0
node_add_prob,0.5,V1,2,11,17.84113,-11.8837,5.15371,16,0
node_add_prob,0.5,V1,2,12,17.84113,-11.57316,5.40909,16,0
node_add_prob,0.5,V1,2,13,17.84113,-11.36098,5.62897,16,0
node_add_prob,0.5,V1,2,14,17.84113,-10.96084,6.08061,19,0
node_add_prob,0.5,V1,2,15,43.94113,-10.4832,6.69568,19,1
node_add_prob,0.5,V1,3,0,-0.3744,-14.44937,2.43218,12,0
node_add_prob,0.5,V1,3,1,4.88563,-12.04761,3.33309,12,0
node_add_prob,0.5,V1,3,2,4.88563,-11.24086,3.33153,12,0
node_add_prob,0.5,V1,3,3,7.74113,-10.91584,3.42177,12,0
node_add_prob,0.5,V1,3,4,14.17887,-10.72511,3.81423,12,0
node_add_prob,0.5,V1,3,5,14.17887,-10.61889,4.1478,12,0
node_add_prob,0.5,V1,3,6,14.34113,-10.04467,4.61022,12,0
node_add_prob,0.5,V1,3,7,19.9127,-10.1135,5.17793,12,0
node_add_prob,0.5,V1,3,8,19.9127,-9.4926,5.606,12,0
node_add_prob,0.5,V1,3,9,19.9127,-9.47656,5.56001,12,0
node_add_prob,0.5,V1,3,10,19.9127,-8.68118,6.3513,12,0
node_add_prob,0.5,V1,3,11,19.9127,-7.72855,6.85428,14,0
node_add_prob,0.5,V1,3,12,43.94113,-6.72484,7.29292,15,1
node_add_prob,0.5,V1,4,0,-8.11793,-14.76882,1.05904,14,0
node_add_prob,0.5,V1,4,1,-3.60051,-13.77378,1.41416,14,0
node_add_prob,0.5,V1,4,2,-2.24567,-13.26514,1.65317,14,0
node_add_prob,0.5,V1,4,3,2.31483,-13.04974,1.94115,14,0
node_add_prob,0.5,V1,4,4,4.64113,-12.78522,2.3547,14,0
node_add_prob,0.5,V1,4,5,5.38478,-12.78229,2.50671,15,0
node_add_prob,0.5,V1,4,6,9.94113,-12.43717,3.08731,16,0
node_add_prob,0.5,V1,4,7,9.94113,-12.3074,3.46905,19,0
node_add_prob,0.5,V1,4,8,10.04113,-12.16894,3.67586,19,0
node_add_prob,0.5,V1,4,9,10.04113,-11.87326,4.09508,19,0
node_add_prob,0.5,V1,4,10,10.04113,-11.94688,3.96671,19,0
node_add_prob,0.5,V1,4,11,10.04113,-11.81306,4.04376,19,0
node_add_prob,0.5,V1,4,12,10.04113,-11.74025,4.14808,19,0
node_add_prob,0.5,V1,4,13,10.04113,-11.65255,4.41939,19,0
node_add_prob,0.5,V1,4,14,17.44113,-11.33839,4.59643,19,0
node_add_prob,0.5,V1,4,15,17.44113,-11.13823,4.89325,20,0
node_add_prob,0.5,V1,4,16,17.64113,-11.05322,5.04905,20,0
node_add_prob,0.5,V1,4,17,17.64113,-10.92005,4.90265,22,0
node_add_prob,0.5,V1,4,18,17.64113,-10.6832,5.2922,22,0
node_add_prob,0.5,V1,4,19,17.64113,-10.52602,5.21974,23,0
node_add_prob,0.5,V1,4,20,17.64113,-10.52286,5.18102,23,0
node_add_prob,0.5,V1,4,21,17.64113,-10.43567,5.28908,23,0
node_add_prob,0.5,V1,4,22,17.64113,-10.17653,5.6505,22,0
node_add_prob,0.5,V1,4,23,17.64113,-10.24854,5.49522,24,0
node_add_prob,0.5,V1,4,24,17.64113,-9.92887,5.7219,22,0
node_add_prob,0.5,V1,4,25,17.64113,-9.98576,6.01294,20,0
node_add_prob,0.5,V1,4,26,17.64113,-9.95791,6.0456,21,0
node_add_prob,0.5,V1,4,27,17.64113,-10.02114,5.83907,19,0
node_add_prob,0.5,V1,4,28,17.64113,-10.02444,5.78271,16,0
node_add_prob,0.5,V1,4,29,17.64113,-9.89708,5.96859,16,0
node_add_prob,0.5,V1,4,30,17.64113,-10.21201,5.78005,16,0
node_add_prob,0.5,V1,4,31,17.64113,-9.7513,6.08345,15,0
node_add_prob,0.5,V1,4,32,10.14113,-9.90186,6.02359,15,0
node_add_prob,0.5,V1,4,33,10.14113,-9.77893,5.94413,15,0
node_add_prob,0.5,V1,4,34,10.14113,-9.46525,5.91292,15,0
node_add_prob,0.5,V1,4,35,10.14113,-9.56734,5.80238,14,0
node_add_prob,0.5,V1,4,36,10.14113,-9.67255,5.77469,13,0
node_add_prob,0.5,V1,4,37,10.14113,-9.47105,5.98403,12,0
node_add_prob,0.5,V1,4,38,10.14113,-9.14308,6.12663,10,0
node_add_prob,0.5,V1,4,39,17.44113,-9.08888,6.13451,10,0
node_add_prob,0.5,V1,4,40,17.44113,-9.0568,6.20087,8,0
node_add_prob,0.5,V1,4,41,17.44113,-9.25145,6.0082,11,0
node_add_prob,0.5,V1,4,42,17.44113,-9.27138,5.98142,14,0
node_add_prob,0.5,V1,4,43,17.44113,-8.54319,6.54878,13,0
node_add_prob,0.5,V1,4,44,17.44113,-8.10605,6.77628,13,0
node_add_prob,0.5,V1,4,45,17.44113,-7.99717,6.92062,15,0
node_add_prob,0.5,V1,4,46,17.44113,-7.52716,7.20571,15,0
node_add_prob,0.5,V1,4,47,17.44113,-8.20944,6.98277,14,0
node_add_prob,0.5,V1,4,48,17.44113,-8.22979,6.80775,14,0
node_add_prob,0.5,V1,4,49,17.44113,-8.05941,7.04923,14,0
node_add_prob,0.5,V1,4,50,17.44113,-7.95413,7.17639,14,0
node_add_prob,0.5,V1,4,51,20.94113,-7.75813,7.25177,15,0
node_add_prob,0.5,V1,4,52,20.94113,-8.29574,6.91489,14,0
node_add_prob,0.5,V1,4,53,20.94113,-7.9544,7.07633,15,0
node_add_prob,0.5,V1,4,54,20.94113,-8.30126,7.02761,15,0
node_add_prob,0.5,V1,4,55,20.94113,-8.26578,6.69492,15,0
node_add_prob,0.5,V1,4,56,20.94113,-8.19502,6.9307,16,0
node_add_prob,0.5,V1,4,57,20.94113,-7.87963,6.75437,16,0
node_add_prob,0.5,V1,4,58,20.94113,-8.36849,6.36347,14,0
node_add_prob,0.5,V1,4,59,20.94113,-7.71947,6.60081,15,0
node_add_prob,0.5,V1,4,60,20.94113,-7.7106,6.90479,15,0
node_add_prob,0.5,V1,4,61,20.94113,-7.96157,6.88289,14,0
node_add_prob,0.5,V1,4,62,20.94113,-7.38115,7.03898,13,0
node_add_prob,0.5,V1,4,63,20.94113,-6.94547,7.13018,14,0
node_add_prob,0.5,V1,4,64,20.94113,-7.02488,7.19878,14,0
node_add_prob,0.5,V1,4,65,20.94113,-6.6295,7.35354,13,0
node_add_prob,0.5,V1,4,66,20.94113,-6.83338,7.21624,13,0
node_add_prob,0.5,V1,4,67,20.94113,-6.89292,7.62511,13,0
node_add_prob,0.5,V1,4,68,20.94113,-6.64052,7.52755,13,0
node_add_prob,0.5,V1,4,69,20.94113,-6.63259,7.61771,13,0
node_add_prob,0.5,V1,4,70,20.94113,-6.88446,7.47813,13,0
node_add_prob,0.5,V1,4,71,20.94113,-6.62556,7.58039,14,0
node_add_prob,0.5,V1,4,72,20.94113,-6.67261,7.52038,15,0
node_add_prob,0.5,V1,4,73,20.94113,-6.76126,7.40451,14,0
node_add_prob,0.5,V1,4,74,20.94113,-6.41744,7.59581,14,0
node_add_prob,0.5,V1,4,75,20.94113,-5.56447,7.83424,10,0
node_add_prob,0.5,V1,4,76,10.34113,-6.09224,7.93528,9,0
node_add_prob,0.5,V1,4,77,10.34113,-6.19652,7.85609,9,0
node_add_prob,0.5,V1,4,78,10.34113,-5.50206,8.01723,8,0
node_add_prob,0.5,V1,4,79,10.34113,-6.10107,7.73663,10,0
node_add_prob,0.5,V1,4,80,10.34113,-5.66515,7.95993,11,0
node_add_prob,0.5,V1,4,81,10.34113,-5.28333,7.97084,11,0
node_add_prob,0.5,V1,4,82,10.34113,-5.28336,8.02547,13,0
node_add_prob,0.5,V1,4,83,10.34113,-5.44364,7.79441,13,0
node_add_prob,0.5,V1,4,84,10.34113,-5.13928,8.01643,12,0
node_add_prob,0.5,V1,4,85,10.34113,-4.74713,8.15592,13,0
node_add_prob,0.5,V1,4,86,10.34113,-4.66104,8.05746,13,0
node_add_prob,0.5,V1,4,87,10.34113,-4.76321,7.94732,12,0
node_add_prob,0.5,V1,4,88,10.34113,-4.6092,7.92446,13,0
node_add_prob,0.5,V1,4,89,10.34113,-4.85423,8.01455,14,0
node_add_prob,0.5,V1,4,90,10.34113,-4.44262,7.96503,15,0
node_add_prob,0.5,V1,4,91,10.34113,-4.76866,8.01719,14,0
node_add_prob,0.5,V1,4,92,10.34113,-4.9645,7.83391,15,0
node_add_prob,0.5,V1,4,93,10.34113,-4.52003,8.04395,15,0
node_add_prob,0.5,V1,4,94,10.34113,-4.28215,7.97874,17,0
node_add_prob,0.5,V1,4,95,10.34113,-4.58176,8.14932,15,0
node_add_prob,0.5,V1,4,96,10.34113,-4.34902,8.05285,14,0
node_add_prob,0.5,V1,4,97,10.34113,-4.63884,8.00473,13,0
node_add_prob,0.5,V1,4,98,10.34113,-4.34783,8.12277,11,0
node_add_prob,0.5,V1,4,99,6.37506,-3.70425,8.05015,12,0
node_add_prob,0.5,V1,5,0,7.74113,-15.01455,1.46829,13,0
node_add_prob,0.5,V1,5,1,7.74113,-13.80382,2.3345,13,0
node_add_prob,0.5,V1,5,2,11.74309,-12.97418,3.52016,13,0
node_add_prob,0.5,V1,5,3,43.94113,-12.54434,4.33811,13,1
node_add_prob,0.5,V1,6,0,1.67316,-13.81401,2.8243,16,0
node_add_prob,0.5,V1,6,1,2.94932,-11.002,3.69368,16,0
node_add_prob,0.5,V1,6,2,4.5623,-9.77752,3.74079,16,0
node_add_prob,0.5,V1,6,3,17.64113,-9.82347,3.98396,16,0
node_add_prob,0.5,V1,6,4,17.64113,-9.69083,4.1648,16,0
node_add_prob,0.5,V1,6,5,17.64113,-9.64799,4.16773,16,0
node_add_prob,0.5,V1,6,6,17.64113,-9.50095,4.20292,16,0
node_add_prob,0.5,V1,6,7,19.03557,-9.29422,4.73106,16,0
node_add_prob,0.5,V1,6,8,19.03557,-9.42943,4.40059,16,0
node_add_prob,0.5,V1,6,9,19.03557,-9.05532,4.67941,16,0
node_add_prob,0.5,V1,6,10,19.03557,-8.97101,5.17185,16,0
node_add_prob,0.5,V1,6,11,19.03557,-8.68269,5.02958,16,0
node_add_prob,0.5,V1,6,12,19.03557,-8.95582,5.30904,16,0
node_add_prob,0.5,V1,6,13,19.03557,-8.85807,5.40359,16,0
node_add_prob,0.5,V1,6,14,19.03557,-8.9741,5.44633,16,0
node_add_prob,0.5,V1,6,15,19.03557,-8.39987,5.71682,16,0
node_add_prob,0.5,V1,6,16,19.03557,-8.1887,6.03135,16,0
node_add_prob,0.5,V1,6,17,19.03557,-8.31967,6.28644,16,0
node_add_prob,0.5,V1,6,18,19.03557,-7.77197,6.24065,16,0
node_add_prob,0.5,V1,6,19,19.03557,-8.04605,5.79652,15,0
node_add_prob,0.5,V1,6,20,19.03557,-7.95404,5.89828,15,0
node_add_prob,0.5,V1,6,21,19.03557,-7.44847,6.3502,14,0
node_add_prob,0.5,V1,6,22,22.24113,-7.47681,6.57115,13,0
node_add_prob,0.5,V1,6,23,43.94113,-7.03204,6.93699,15,1
node_add_prob,0.5,V1,7,0,-9.28422,-15.05477,1.11755,13,0
node_add_prob,0.5,V1,7,1,-3.0806,-13.92374,1.68003,13,0
node_add_prob,0.5,V1,7,2,-2.8806,-13.41425,1.84175,13,0
node_add_prob,0.5,V1,7,3,1.33615,-13.37871,2.2782,13,0
node_add_prob,0.5,V1,7,4,6.04113,-13.14691,2.40531,13,0
node_add_prob,0.5,V1,7,5,6.04113,-13.02839,2.62307,13,0
node_add_prob,0.5,V1,7,6,6.04113,-12.7206,2.96072,13,0
node_add_prob,0.5,V1,7,7,11.01098,-12.23361,3.50665,14,0
node_add_prob,0.5,V1,7,8,11.01098,-11.79226,4.05238,14,0
node_add_prob,0.5,V1,7,9,13.24113,-11.53962,4.48172,14,0
node_add_prob,0.5,V1,7,10,13.24113,-11.13851,4.8087,14,0
node_add_prob,0.5,V1,7,11,13.24113,-10.69462,5.01063,14,0
node_add_prob,0.5,V1,7,12,13.24113,-10.58865,5.2086,14,0
node_add_prob,0.5,V1,7,13,13.24113,-10.32068,5.40594,14,0
node_add_prob,0.5,V1,7,14,19.84113,-10.43056,5.56197,14,0
node_add_prob,0.5,V1,7,15,19.84113,-10.5042,5.77599,14,0
node_add_prob,0.5,V1,7,16,19.84113,-9.671,6.03199,14,0
node_add_prob,0.5,V1,7,17,19.84113,-9.73053,6.24505,14,0
node_add_prob,0.5,V1,7,18,19.84113,-9.25593,6.38978,16,0
node_add_prob,0.5,V1,7,19,19.84113,-9.03197,6.60377,18,0
node_add_prob,0.5,V1,7,20,19.84113,-9.18942,6.78697,18,0
node_add_prob,0.5,V1,7,21,19.84113,-8.66053,6.7409,21,0
node_add_prob,0.5,V1,7,22,19.84113,-8.92438,6.65359,21,0
node_add_prob,0.5,V1,7,23,19.84113,-8.72787,6.78437,21,0
node_add_prob,0.5,V1,7,24,19.84113,-8.42385,7.12278,25,0
node_add_prob,0.5,V1,7,25,19.84113,-8.45768,7.07744,24,0
node_add_prob,0.5,V1,7,26,20.04113,-7.7039,7.21251,24,0
node_add_prob,0.5,V1,7,27,20.04113,-8.48494,7.3732,24,0
node_add_prob,0.5,V1,7,28,20.04113,-7.80055,7.26788,24,0
node_add_prob,0.5,V1,7,29,20.04113,-7.89594,7.4259,24,0
node_add_prob,0.5,V1,7,30,20.04113,-7.6785,7.66181,24,0
node_add_prob,0.5,V1,7,31,20.04113,-7.31977,7.59541,23,0
node_add_prob,0.5,V1,7,32,20.04113,-7.73995,7.62098,23,0
node_add_prob,0.5,V1,7,33,20.04113,-8.15304,7.37502,19,0
node_add_prob,0.5,V1,7,34,20.04113,-7.44804,7.38834,19,0
node_add_prob,0.5,V1,7,35,20.04113,-7.78989,7.29923,18,0
node_add_prob,0.5,V1,7,36,20.04113,-7.66215,7.07698,18,0
node_add_prob,0.5,V1,7,37,20.04113,-7.97564,7.22893,18,0
node_add_prob,0.5,V1,7,38,20.04113,-7.66893,7.15891,18,0
node_add_prob,0.5,V1,7,39,20.04113,-7.66015,7.0329,17,0
node_add_prob,0.5,V1,7,40,20.04113,-7.86268,7.34083,16,0
node_add_prob,0.5,V1,7,41,20.04113,-7.88331,7.0735,14,0
node_add_prob,0.5,V1,7,42,19.84113,-7.49159,6.95338,12,0
node_add_prob,0.5,V1,7,43,11.21098,-7.62043,6.67873,13,0
node_add_prob,0.5,V1,7,44,11.21098,-6.98197,7.00188,14,0
node_add_prob,0.5,V1,7,45,11.11098,-7.46699,6.82323,13,0
node_add_prob,0.5,V1,7,46,11.11098,-7.32441,7.05721,13,0
node_add_prob,0.5,V1,7,47,18.05596,-7.4345,7.33997,13,0
node_add_prob,0.5,V1,7,48,18.05596,-7.49454,7.19196,13,0
node_add_prob,0.5,V1,7,49,18.05596,-7.39241,7.21812,13,0
node_add_prob,0.5,V1,7,50,18.05596,-7.15432,7.3145,13,0
node_add_prob,0.5,V1,7,51,18.05596,-7.10903,7.34112,15,0
node_add_prob,0.5,V1,7,52,18.05596,-7.21995,7.35686,15,0
node_add_prob,0.5,V1,7,53,18.05596,-7.25164,7.15958,14,0
node_add_prob,0.5,V1,7,54,18.05596,-7.54324,7.02759,14,0
node_add_prob,0.5,V1,7,55,18.05596,-7.08631,7.0348,16,0
node_add_prob,0.5,V1,7,56,18.05596,-7.01182,6.93018,15,0
node_add_prob,0.5,V1,7,57,18.05596,-6.51341,7.07567,16,0
node_add_prob,0.5,V1,7,58,18.05596,-6.96143,7.19906,16,0
node_add_prob,0.5,V1,7,59,18.05596,-6.87731,7.40393,17,0
node_add_prob,0.5,V1,7,60,18.05596,-6.87655,7.46431,15,0
node_add_prob,0.5,V1,7,61,18.05596,-6.77753,7.75859,15,0
node_add_prob,0.5,V1,7,62,18.05596,-6.34784,7.9928,14,0
node_add_prob,0.5,V1,7,63,15.44113,-5.88037,7.88359,14,0
node_add_prob,0.5,V1,7,64,19.84113,-6.20705,7.62416,14,0
node_add_prob,0.5,V1,7,65,19.84113,-6.07822,7.95614,12,0
node_add_prob,0.5,V1,7,66,19.84113,-5.75601,8.24979,12,0
node_add_prob,0.5,V1,7,67,19.84113,-5.93705,8.43978,12,0
node_add_prob,0.5,V1,7,68,19.84113,-5.24974,8.70635,12,0
node_add_prob,0.5,V1,7,69,19.84113,-4.85868,8.86232,12,0
node_add_prob,0.5,V1,7,70,19.84113,-4.7814,9.09195,13,0
node_add_prob,0.5,V1,7,71,19.84113,-5.60205,8.85121,13,0
node_add_prob,0.5,V1,7,72,19.84113,-4.92515,8.72175,13,0
node_add_prob,0.5,V1,7,73,19.84113,-5.28859,9.06267,13,0
node_add_prob,0.5,V1,7,74,19.84113,-4.81258,9.08418,13,0
node_add_prob,0.5,V1,7,75,19.84113,-4.60105,9.19856,13,0
node_add_prob,0.5,V1,7,76,19.84113,-4.73303,9.27453,12,0
node_add_prob,0.5,V1,7,77,19.84113,-4.09269,9.28031,11,0
node_add_prob,0.5,V1,7,78,19.84113,-3.77815,9.33776,10,0
node_add_prob,0.5,V1,7,79,19.84113,-3.94298,9.3381,9,0
node_add_prob,0.5,V1,7,80,19.84113,-3.87966,9.53054,9,0
node_add_prob,0.5,V1,7,81,19.84113,-4.39462,9.27805,9,0
node_add_prob,0.5,V1,7,82,19.84113,-4.36721,9.59358,10,0
node_add_prob,0.5,V1,7,83,19.84113,-4.64193,9.19314,10,0
node_add_prob,0.5,V1,7,84,19.84113,-3.78244,9.66182,10,0
node_add_prob,0.5,V1,7,85,19.84113,-4.09165,10.0915,9,0
node_add_prob,0.5,V1,7,86,19.84113,-4.14891,9.73147,10,0
node_add_prob,0.5,V1,7,87,19.84113,-4.05704,9.75241,10,0
node_add_prob,0.5,V1,7,88,19.84113,-4.05009,9.92498,10,0
node_add_prob,0.5,V1,7,89,19.84113,-3.03781,10.06296,9,0
node_add_prob,0.5,V1,7,90,19.84113,-3.59523,9.86502,9,0
node_add_prob,0.5,V1,7,91,19.84113,-4.18236,9.71139,9,0
node_add_prob,0.5,V1,7,92,19.84113,-5.18065,8.96198,7,0
node_add_prob,0.5,V1,7,93,19.84113,-3.8434,9.55459,7,0
node_add_prob,0.5,V1,7,94,19.84113,-4.81665,9.44835,8,0
node_add_prob,0.5,V1,7,95,19.84113,-4.78393,9.15428,8,0
node_add_prob,0.5,V1,7,96,19.84113,-4.44956,9.37512,8,0
node_add_prob,0.5,V1,7,97,19.84113,-4.63656,9.63829,9,0
node_add_prob,0.5,V1,7,98,19.84113,-4.69445,9.58442,10,0
node_add_prob,0.5,V1,7,99,19.84113,-5.62337,9.00251,10,0
node_add_prob,0.5,V1,8,0,-4.14206,-14.58685,2.17398,15,0
node_add_prob,0.5,V1,8,1,0.31651,-12.40547,2.9297,15,0
node_add_prob,0.5,V1,8,2,0.31651,-11.69681,2.86254,15,0
node_add_prob,0.5,V1,8,3,0.31651,-11.64364,2.90758,15,0
node_add_prob,0.5,V1,8,4,0.31651,-11.48929,2.99745,15,0
node_add_prob,0.5,V1,8,5,6.70783,-11.4661,3.13661,15,0
node_add_prob,0.5,V1,8,6,6.70783,-11.55664,3.3411,15,0
node_add_prob,0.5,V1,8,7,8.84113,-11.31098,3.45158,15,0
node_add_prob,0.5,V1,8,8,10.22742,-11.04628,3.81011,15,0
node_add_prob,0.5,V1,8,9,10.46079,-11.04943,4.15322,15,0
node_add_prob,0.5,V1,8,10,10.46079,-10.67234,4.88086,15,0
node_add_prob,0.5,V1,8,11,10.46079,-10.56872,5.16694,15,0
node_add_prob,0.5,V1,8,12,14.34113,-10.42011,5.77855,16,0
node_add_prob,0.5,V1,8,13,14.34113,-9.67053,6.42317,16,0
node_add_prob,0.5,V1,8,14,14.34113,-9.04805,7.57702,16,0
node_add_prob,0.5,V1,8,15,14.34113,-8.64175,8.08277,16,0
node_add_prob,0.5,V1,8,16,14.34113,-8.70427,8.23815,17,0
node_add_prob,0.5,V1,8,17,14.34113,-7.6072,8.74869,16,0
node_add_prob,0.5,V1,8,18,19.57885,-6.79072,9.50138,17,0
node_add_prob,0.5,V1,8,19,19.57885,-6.17737,10.08707,17,0
node_add_prob,0.5,V1,8,20,19.57885,-4.88896,10.76864,16,0
node_add_prob,0.5,V1,8,21,19.57885,-3.97785,10.85965,16,0
node_add_prob,0.5,V1,8,22,19.57885,-4.15387,10.83878,16,0
node_add_prob,0.5,V1,8,23,19.57885,-3.11901,11.06013,15,0
node_add_prob,0.5,V1,8,24,19.57885,-2.71283,11.10965,15,0
node_add_prob,0.5,V1,8,25,19.57885,-2.55412,11.23072,16,0
node_add_prob,0.5,V1,8,26,19.57885,-2.41174,11.1421,15,0
node_add_prob,0.5,V1,8,27,19.57885,-1.51553,11.14568,15,0
node_add_prob,0.5,V1,8,28,19.57885,-2.03183,11.2505,14,0
node_add_prob,0.5,V1,8,29,19.57885,-2.61973,11.41216,13,0
node_add_prob,0.5,V1,8,30,19.57885,-2.35646,11.38229,13,0
node_add_prob,0.5,V1,8,31,19.57885,-2.04933,11.30564,12,0
node_add_prob,0.5,V1,8,32,19.57885,-2.06817,11.40053,12,0
node_add_prob,0.5,V1,8,33,19.57885,-2.24444,11.4652,12,0
node_add_prob,0.5,V1,8,34,19.57885,-2.02724,11.24447,11,0
node_add_prob,0.5,V1,8,35,19.57885,-1.91668,11.28501,11,0
node_add_prob,0.5,V1,8,36,21.24113,-1.78881,11.41107,11,0
node_add_prob,0.5,V1,8,37,21.24113,-1.77114,11.26008,11,0
node_add_prob,0.5,V1,8,38,21.24113,-2.64827,11.47527,10,0
node_add_prob,0.5,V1,8,39,21.24113,-2.24763,11.49662,10,0
node_add_prob,0.5,V1,8,40,21.44113,-2.42381,11.13033,7,0
node_add_prob,0.5,V1,8,41,21.64113,-3.44126,11.41979,8,0
node_add_prob,0.5,V1,8,42,21.64113,-3.32006,11.27991,9,0
node_add_prob,0.5,V1,8,43,21.64113,-2.60465,11.48466,8,0
node_add_prob,0.5,V1,8,44,21.64113,-2.54663,11.63556,8,0
node_add_prob,0.5,V1,8,45,21.64113,-2.48816,11.49484,8,0
node_add_prob,0.5,V1,8,46,21.64113,-2.24117,11.5141,8,0
node_add_prob,0.5,V1,8,47,21.64113,-1.52057,11.42306,8,0
node_add_prob,0.5,V1,8,48,21.64113,-1.01122,11.4086,8,0
node_add_prob,0.5,V1,8,49,43.94113,-2.06287,11.62895,9,1
node_add_prob,0.5,V1,9,0,-5.23875,-13.92328,2.73609,13,0
node_add_prob,0.5,V1,9,1,15.44113,-11.17893,3.79148,13,0
node_add_prob,0.5,V1,9,2,15.44113,-10.10374,3.77333,13,0
node_add_prob,0.5,V1,9,3,15.44113,-9.57733,3.76479,13,0
node_add_prob,0.5,V1,9,4,43.94113,-9.14345,4.10995,13,1
